Compound_Name,Plant_Name,Common_Name,Plant_Family,Plant_Part,Country_of_Use,PubChem_CID,Canonical_SMILES,Molecular_Formula,Reported_Activity,Assay_Target,DOI_Reference,Reference_Year,Compound_ID,Compound_Class,Data_Source,Notes,MW,LogP,HBD,HBA,TPSA,Rotatable_Bonds,Heavy_Atom_Count,Aromatic_Rings,Fraction_CSP3,QED_Score,Lipinski_Violations,Lipinski_Compliant,Veber_Compliant,Ghose_Compliant,PC1,PC2
Marsectohexol,Gongronema latifolium Benth.,"Bushbuck (English), Utazi (Igbo), Madumaro/Arokeke (Yoruba), Utasi (Ibibio/Efik)",Asclepiadaceae,Leaf,Nigeria,15560121,CC(C1CCC2(C1(C(C(C3C2(CC=C4C3(CCC(C4)O)C)O)O)O)C)O)O,C21H34O6,"α-Amylase inhibitor, blood glucose level reduction","Porcine Pancreatic α-Amylase (PPA), Human Pancreatic α-Amylase (HPA), Human Salivary α-Amylase (HSA)",10.3389/fmolb.2022.866719,2022,AFRO11_001,Steroidal Pregnane,Frontiers in Molecular Biosciences,"Demonstrated an IC50​ of 10.01 μM against porcine pancreatic α-amylase, outperforming reference acarbose (IC50​=13.47 μM).",382.5,0.48,6.0,6.0,121.38,1.0,27.0,0.0,0.905,0.367,1.0,True,True,True,0.6186674213865196,-0.7870012930859831
Quercetin,Gongronema latifolium,"Bushbuck (English), Utazi (Igbo), Madumaro/Arokeke (Yoruba), Utasi (Ibibio/Efik)",Asclepiadaceae,Leaf,Nigeria,5280343,C1=CC(=C(C=C1C2=C(C(=O)C3=C(C=C(C=C3O2)O)O)O)O)O,C15H10O7,"Multi-target T2DM inhibitor, GLP-1R agonist","GSK-3β, GLP-1R, Human Aldose Reductase",10.1007/s42452-021-04880-2,2022,AFRO11_002,Flavonoid,SN Applied Sciences,"Docking scores: −13.138 kcal/mol ((GSK-3β)), −12.860 kcal/mol (GLP-1R), −11.687 kcal/mol (Aldose Reductase).",302.24,1.99,5.0,7.0,131.36,1.0,22.0,3.0,0.0,0.434,0.0,True,True,True,0.24184569522830912,-0.5992229470082536
Chicoric acid,Gongronema latifolium,"Bushbuck (English), Utazi (Igbo), Madumaro/Arokeke (Yoruba), Utasi (Ibibio/Efik)",Asclepiadaceae,Leaf,Nigeria,5281764,C1=CC(=C(C=C1C=CC(=O)OC(C(C(=O)O)OC(=O)C=CC2=CC(=C(C=C2)O)O)C(=O)O)O)O,C22H18O12,"Multi-target T2DM inhibitor, GLP-1R agonist","GSK-3β, GLP-1R, Human Aldose Reductase",10.1007/s42452-021-04880-2,2022,AFRO11_003,Hydroxycinnamic acid,SN Applied Sciences,Exhibited high stability with GLP-1R (ΔG=−62.038 kcal/mol) and high docking scores across all three targets.,474.37,1.23,6.0,10.0,208.12,9.0,34.0,2.0,0.091,0.172,1.0,True,False,True,1.9176176846235056,0.8508700797321509
Rosmarinic acid,Gongronema latifolium,"Bushbuck (English), Utazi (Igbo), Madumaro/Arokeke (Yoruba), Utasi (Ibibio/Efik)",Asclepiadaceae,Leaf,Nigeria,5281792,C1=CC(=C(C=C1CC(C(=O)O)OC(=O)C=CC2=CC(=C(C=C2)O)O)O)O,C18H16O8,Aldose Reductase Inhibitors (ARIs) and Glycogen Synthase Kinase-3 Beta (GSK-3β) Inhibitors,"Human Aldose Reductase, GSK-3β, GLP-1R",10.1007/s42452-021-04880-2,2022,AFRO11_004,Hydroxycinnamic acid,SN Applied Sciences,Lowest binding energy against Aldose Reductase with an XP glide score of −15.385 kcal/mol.,360.32,1.76,5.0,7.0,144.52,6.0,26.0,2.0,0.111,0.298,0.0,True,False,True,0.6521017577289976,0.3159111961313288
7-(3-Hydroxy-3-methylbutyl)moracin M,nan,African Mulberry,Moraceae,Root bark,Nigeria,None,,,α-glucosidase inhibition; DPP-4 inhibition,"α-glucosidase, DPP-4",10.3389/fphar.2024.1338333,2024,AFRO11_005,Arylbenzofuran,Frontiers in Pharmacology,New prenylated arylbenzofuran isolated from root bark,,,,,,,,,,,,,,,,
Moracin P,Morus mesozygia,African Mulberry,Moraceae,Root bark,Nigeria,25208124,CC1(C(CC2=C(O1)C=C3C(=C2)C=C(O3)C4=CC(=CC(=C4)O)O)O)C,C19H18O5,α-glucosidase inhibition; DPP-4 inhibition,"α-glucosidase, DPP-4",10.3389/fphar.2024.1338333,2024,AFRO11_006,Arylbenzofuran,Frontiers in Pharmacology,Strong α-glucosidase inhibitor,326.35,3.59,3.0,5.0,83.06,1.0,24.0,3.0,0.263,0.636,0.0,True,True,True,-0.6737777315972254,-0.10870905344844171
Moracin M,Morus mesozygia,African Mulberry,Moraceae,Root bark,Nigeria,185848,C1=CC2=C(C=C1O)OC(=C2)C3=CC(=CC(=C3)O)O,C14H10O4,α-glucosidase inhibition; DPP-4 inhibition,"α-glucosidase, DPP-4",10.3389/fphar.2024.1338333,2024,AFRO11_007,Arylbenzofuran,Frontiers in Pharmacology,Isolated from root bark extract,242.23,3.22,3.0,4.0,73.83,1.0,18.0,3.0,0.0,0.612,0.0,True,True,False,-0.9925285489919,-0.3404793541483508
Marsectohexol,Gongronema latifolium Benth.,"Bushbuck (English), Utazi (Igbo), Madumaro/Arokeke (Yoruba), Utasi (Ibibio/Efik)",Asclepiadaceae,Leaf,Nigeria,15560121,CC(C1CCC2(C1(C(C(C3C2(CC=C4C3(CCC(C4)O)C)O)O)O)C)O)O,C21H34O6,"α-Amylase inhibitor, blood glucose level reduction","Porcine Pancreatic α-Amylase (PPA), Human Pancreatic α-Amylase (HPA), Human Salivary α-Amylase (HSA)",10.3389/fmolb.2022.866719,2022,AFRO11_008,Steroidal Pregnane,Frontiers in Molecular Biosciences,"Demonstrated an IC50 of 10.01 µM against porcine pancreatic α-amylase, outperforming reference acarbose (IC50 = 13.47 µM).",382.5,0.48,6.0,6.0,121.38,1.0,27.0,0.0,0.905,0.367,1.0,True,True,True,0.6186674213865196,-0.7870012930859831
"3-O-[6-deoxy-3-O-methyl-β-D-allopyranosyl-(1$\rightarrow4)−\beta$-D-oleandropyranosyl]-11,12-di-O-tigloyl-17$\beta$-marsdenin (Iloneoside)",Gongronema latifolium Benth.,"Bushbuck (English), Utazi (Igbo), Madumaro/Arokeke (Yoruba), Utasi (Ibibio/Efik)",Asclepiadaceae,Leaf,Nigeria,None,,,α-Amylase inhibitor,"Porcine Pancreatic α-Amylase (PPA), Human Pancreatic α-Amylase (HPA), Human Salivary α-Amylase (HSA)",10.3389/fmolb.2022.866719,2022,AFRO11_009,Pregnane Glycoside,Frontiers in Molecular Biosciences,Showed an IC50 of 12.10 µM against porcine pancreatic α-amylase.,,,,,,,,,,,,,,,,
3-O-[6-deoxy-3-O-methyl-β-D-allopyranosyl-(1$\rightarrow4)−\beta$-D-oleandropyranosyl]-17$\beta$-marsdenin,Gongronema latifolium Benth.,"Bushbuck (English), Utazi (Igbo), Madumaro/Arokeke (Yoruba), Utasi (Ibibio/Efik)",Asclepiadaceae,Leaf,Nigeria,None,,,α-Amylase inhibitor,"Porcine Pancreatic α-Amylase (PPA), Human Pancreatic α-Amylase (HPA), Human Salivary α-Amylase (HSA)",10.3389/fmolb.2022.866719,2022,AFRO11_010,Pregnane Glycoside,Frontiers in Molecular Biosciences,"Evaluated via in vitro DNSA assay (IC50 = 14.03 µM), active-site docking, and 100-ns molecular dynamics simulations.",,,,,,,,,,,,,,,,
3-O-[6-deoxy-3-O-methyl-β-D-allopyranosyl-(1$\rightarrow4)−\beta$-D-canaropyranosyl]-17$\beta$-marsdenin,Gongronema latifolium Benth.,"Bushbuck (English), Utazi (Igbo), Madumaro/Arokeke (Yoruba), Utasi (Ibibio/Efik)",Asclepiadaceae,Leaf,Nigeria,None,,,α-Amylase inhibitor,"Porcine Pancreatic α-Amylase (PPA), Human Pancreatic α-Amylase (HPA), Human Salivary α-Amylase (HSA)",10.3389/fmolb.2022.866719,2022,AFRO11_011,Pregnane Glycoside,Frontiers in Molecular Biosciences,Showed an IC50 of 13.71 µM against porcine pancreatic α-amylase.,,,,,,,,,,,,,,,,
Quercetin,Gongronema latifolium,"Bushbuck (English), Utazi (Igbo), Madumaro/Arokeke (Yoruba), Utasi (Ibibio/Efik)",Asclepiadaceae,Leaf,Nigeria,5280343,C1=CC(=C(C=C1C2=C(C(=O)C3=C(C=C(C=C3O2)O)O)O)O)O,C15H10O7,"Multi-target T2DM inhibitor, GLP-1R agonist","GSK-3β, GLP-1R, Human Aldose Reductase",10.1007/s42452-021-04880-2,2022,AFRO11_012,Flavonoid,SN Applied Sciences,"Docking scores: -13.138 kcal/mol (GSK-3$\beta$), -12.860 kcal/mol (GLP-1R), -11.687 kcal/mol (Aldose Reductase).",302.24,1.99,5.0,7.0,131.36,1.0,22.0,3.0,0.0,0.434,0.0,True,True,True,0.24184569522830912,-0.5992229470082536
Chicoric acid,Gongronema latifolium,"Bushbuck (English), Utazi (Igbo), Madumaro/Arokeke (Yoruba), Utasi (Ibibio/Efik)",Asclepiadaceae,Leaf,Nigeria,5281764,C1=CC(=C(C=C1C=CC(=O)OC(C(C(=O)O)OC(=O)C=CC2=CC(=C(C=C2)O)O)C(=O)O)O)O,C22H18O12,"Multi-target T2DM inhibitor, GLP-1R agonist","GSK-3β, GLP-1R, Human Aldose Reductase",10.1007/s42452-021-04880-2,2022,AFRO11_013,Hydroxycinnamic acid,SN Applied Sciences,Exhibited high stability with GLP-1R (ΔG = -62.038 kcal/mol) and high docking scores across all three targets.,474.37,1.23,6.0,10.0,208.12,9.0,34.0,2.0,0.091,0.172,1.0,True,False,True,1.9176176846235056,0.8508700797321509
Rosmarinic acid,Gongronema latifolium,"Bushbuck (English), Utazi (Igbo), Madumaro/Arokeke (Yoruba), Utasi (Ibibio/Efik)",Asclepiadaceae,Leaf,Nigeria,5281792,C1=CC(=C(C=C1CC(C(=O)O)OC(=O)C=CC2=CC(=C(C=C2)O)O)O)O,C18H16O8,"Aldose Reductase inhibitor, GSK-3$\beta$ inhibitor","Human Aldose Reductase, GSK-3$\beta$, GLP-1R",10.1007/s42452-021-04880-2,2022,AFRO11_014,Hydroxycinnamic acid,SN Applied Sciences,Lowest binding energy against Aldose Reductase with an XP glide score of -15.385 kcal/mol.,360.32,1.76,5.0,7.0,144.52,6.0,26.0,2.0,0.111,0.298,0.0,True,False,True,0.6521017577289976,0.3159111961313288
S-methylcysteinesulfoxide (SMCS),Allium cepa L.,Onion,Alliaceae,Bulb,Nigeria,82142,CS(=O)CC(C(=O)O)N,C4H9NO3S,"Antidiabetic, insulin secretagogue","Pancreatic β-cells, liver insulin-inactivating sites",10.4172/2155-6156.1000546,2015,AFRO11_015,Organosulfur / Amino acid derivative,Journal of Diabetes & Metabolism,Stimulates insulin secretion; competes with insulin for liver inactivating sites.,151.19,-1.22,2.0,3.0,80.39,3.0,9.0,0.0,0.75,0.529,0.0,True,True,False,-0.8401068025198729,-1.152651385936349
S-allylcysteinesulfoxide (SACS),Allium sativum L.,Garlic,Alliaceae,Clove,Nigeria,121922,C=CCS(=O)CC(C(=O)O)N,C6H11NO3S,"Antidiabetic, antioxidant, gluconeogenesis inhibitor","Hepatic gluconeogenic enzymes, pancreatic β-cells",10.4172/2155-6156.1000546,2015,AFRO11_016,Organosulfur / Amino acid derivative,Journal of Diabetes & Metabolism,Inhibits gluconeogenesis and lipid peroxidation; precursor of allicin.,177.22,-0.67,2.0,3.0,80.39,5.0,11.0,0.0,0.5,0.546,0.0,True,True,False,-0.7764609892470875,-0.6327857907150923
Lophenol,Aloe vera (L.) Burm.f.,Aloe vera,Asphodelaceae,Leaf gel / pulp,Nigeria,160482,CC1C(CCC2(C1CC=C3C2CCC4(C3CCC4C(C)CCCC(C)C)C)C)O,C28H48O,"Antidiabetic, blood glucose lowering","Pancreatic β-cells, carbohydrate metabolizing enzymes",10.4172/2155-6156.1000546,2015,AFRO11_017,Phytosterol,Journal of Diabetes & Metabolism,Causes significant reduction in HbA1c levels.,400.69,7.63,1.0,1.0,20.23,5.0,29.0,0.0,0.929,0.47,1.0,True,True,False,-1.9068095317212066,1.747114526964498
Catharanthine,Catharanthus roseus (L.) G.Don,Madagascar Periwinkle,Apocynaceae,Fresh leaf juice,"Nigeria, UK",5458190,CCC1=CC2CC3(C1N(C2)CCC4=C3NC5=CC=CC=C45)C(=O)OC,C21H24N2O2,"Hypoglycemic, antidiabetic",Hepatic glucose metabolizing enzymes,10.4172/2155-6156.1000546,2015,AFRO11_018,Terpenoid Indole Alkaloid,Journal of Diabetes & Metabolism,Increases hepatic utilization of glucose.,336.44,3.18,1.0,3.0,45.33,2.0,25.0,2.0,0.476,0.677,0.0,True,True,True,-1.291099418854623,0.06655353823470994
Vindoline,Catharanthus roseus (L.) G.Don,Madagascar Periwinkle,Apocynaceae,Fresh leaf juice,"Nigeria, UK",260535,CCC12C=CCN3C1C4(CC3)C(C(C2OC(=O)C)(C(=O)OC)O)N(C5=C4C=CC(=C5)OC)C,C25H32N2O6,"Hypoglycemic, antidiabetic","Hepatic glycogen synthase, G6PDH",10.4172/2155-6156.1000546,2015,AFRO11_019,Terpenoid Indole Alkaloid,Journal of Diabetes & Metabolism,Suppresses gluconeogenic enzymes.,456.54,1.64,1.0,8.0,88.54,4.0,33.0,1.0,0.6,0.541,0.0,True,True,True,-0.0006111537164095237,0.22569163804311818
Cinnamaldehyde,Cinnamomum cassia,Chinese cinnamon,Lauraceae,Bark,Nigeria,637511,C1=CC=C(C=C1)C=CC=O,C9H8O,"Insulin mimetic, antidiabetic","3T3-L1 Adipocytes, insulin pathways",10.4172/2155-6156.1000546,2015,AFRO11_020,Phenylpropanoid,Journal of Diabetes & Metabolism,Enhances insulin action and increases glucose uptake.,132.16,1.9,0.0,1.0,17.07,2.0,10.0,1.0,0.0,0.443,0.0,True,True,False,-2.1652785848451592,-0.5652391089695332
Beta-sitosterol,Coccinia indica,Ivy gourd,Cucurbitaceae,Leaves,Nigeria,222284,CCC(CCC(C)C1CCC2C1(CCC3C2CC=C4C3(CCC(C4)O)C)C)C(C)C,C29H50O,Hypoglycemic,"Glucose-6-phosphatase, glycogen synthase",10.4172/2155-6156.1000546,2015,AFRO11_021,Phytosterol,Journal of Diabetes & Metabolism,Suppresses key gluconeogenic enzymes.,414.72,8.02,1.0,1.0,20.23,6.0,30.0,0.0,0.931,0.436,1.0,True,True,False,-1.8861181797666173,2.034981498230716
Leucopelargonidin derivative,Ficus bengalensis Linn.,Indian Banyan tree,Moraceae,"Bark, leaves",Nigeria,282014,C1C(C(OC2=CC(=CC(=C21)O)O)C3=CC=C(C=C3)O)O,C15H14O5,"Hypoglycemic, insulin secretagogue","Pancreatic β-cells, insulinase",10.4172/2155-6156.1000546,2015,AFRO11_022,"Flavonoid / Flavan-3,4-diol",Journal of Diabetes & Metabolism,Stimulates insulin secretion and inhibits insulinase activity.,274.27,1.84,4.0,5.0,90.15,1.0,20.0,2.0,0.2,0.637,0.0,True,True,True,-0.4015854917271885,-0.6263301921529543
Gymnemic acid,Gymnema sylvestre,Gurmar,Asclepiadaceae,Leaves,Nigeria,None,,,"Antidiabetic, insulin secretagogue","Pancreatic Islets, gluconeogenic enzymes",10.4172/2155-6156.1000546,2015,AFRO11_023,Triterpene Saponin Glycoside,Journal of Diabetes & Metabolism,Induces β-cell regeneration and enhances endogenous insulin biosynthesis.,,,,,,,,,,,,,,,,
Charantin,Momordica charantia / M. cymbalaria,Bitter Melon,Cucurbitaceae,"Fruit pulp, seeds",Nigeria,296119,CCC(CCC(C)C1CCC2C1(CCC3C2CC=C4C3(CCC(C4)OC5C(C(C(C(O5)CO)O)O)O)C)C)C(C)C,C35H60O6,"Hypoglycemic, antidiabetic","Pancreatic β-cells, gluconeogenic enzymes",10.4172/2155-6156.1000546,2015,AFRO11_024,Steroidal Saponin Glycoside,Journal of Diabetes & Metabolism,Exerts extra-pancreatic glycemic control and stimulates insulin secretion.,576.86,5.85,4.0,6.0,99.38,9.0,41.0,0.0,0.943,0.257,2.0,False,True,False,0.2869910886203952,2.231323262855425
Senegin-II,Polygala senega L.,Seneca snakeroot,Polygalaceae,Rhizomes,Nigeria,11953920,CC1C(C(C(C(O1)OC2C(C(C(OC2OC(=O)C34CCC(CC3C5=CCC6C(C5(CC4)CO)(CCC7C6(CC(C(C7(C)C(=O)O)OC8C(C(C(C(O8)CO)O)O)O)O)C)C)(C)C)C)OC(=O)C=CC9=CC(=C(C=C9)OC)OC)O)O)O)OC1C(C(C(CO1)OC1C(C(C(C(O1)CO)O)O)O)O)O,C70H104O32,"Antidiabetic, insulin sensitizer",Liver glucose output pathways,10.4172/2155-6156.1000546,2015,AFRO11_025,Triterpenoid Saponin Glycoside,Journal of Diabetes & Metabolism,Decreases hepatic glucose output without altering plasma insulin concentration.,1457.57,-2.23,16.0,31.0,494.88,19.0,102.0,1.0,0.814,0.03,3.0,False,False,False,10.379539298120097,3.1621227028862204
Epicatechin,Pterocarpus marsupium,Indian Kino,Fabaceae,Bark,Nigeria,72276,C1C(C(OC2=CC(=CC(=C21)O)O)C3=CC(=C(C=C3)O)O)O,C15H14O6,"Antidiabetic, β-cell regenerator",Functional pancreatic β-cells,10.4172/2155-6156.1000546,2015,AFRO11_026,Flavan-3-ol / Tannin,Journal of Diabetes & Metabolism,Prevents β-cell damage and regenerates functional pancreatic islets.,290.27,1.55,5.0,6.0,110.38,1.0,21.0,2.0,0.2,0.51,0.0,True,True,True,0.04268653051138944,-0.6995940312735793
Pterostilbene,Pterocarpus marsupium,Indian Kino,Fabaceae,Bark,Nigeria,5281727,COC1=CC(=CC(=C1)C=CC2=CC=C(C=C2)O)OC,C16H16O3,"Antidiabetic, antioxidant",Pancreatic β-cells,10.4172/2155-6156.1000546,2015,AFRO11_027,Stilbenoid / Flavonoid,Journal of Diabetes & Metabolism,Enhances insulin secretion.,256.3,3.58,1.0,3.0,38.69,4.0,19.0,2.0,0.125,0.85,0.0,True,True,False,-1.514858362881524,0.3514535570863946
Mycaminose,Syzygium cumini,Java Plum,Myrtaceae,"Seeds, leaves, fruit pulp",Nigeria,160504,CC(C(C(C(C=O)O)N(C)C)O)O,C8H17NO4,"Hypoglycemic, peripheral glucose utilization activator",Peripheral glucose utilization kinases,10.4172/2155-6156.1000546,2015,AFRO11_028,Amino Sugar Glycoside,Journal of Diabetes & Metabolism,Stimulates kinases involved in peripheral glucose utilization.,191.23,-1.78,3.0,5.0,81.0,5.0,13.0,0.0,0.875,0.448,0.0,True,True,False,-0.2582601642213772,-0.890889165577593
Trigonelline,Trigonella foenum-graecum L.,Fenugreek,Fabaceae,Seeds,Nigeria,5570,C[N+]1=CC=CC(=C1)C(=O)[O-],C7H7NO2,"Antidiabetic, insulin secretagogue","Pancreatic β-cells, intestinal disaccharidases",10.4172/2155-6156.1000546,2015,AFRO11_029,Pyridine Alkaloid,Journal of Diabetes & Metabolism,Delays carbohydrate digestion/absorption and increases glucose-induced insulin secretion.,137.14,-1.13,0.0,2.0,44.01,1.0,10.0,1.0,0.143,0.46,0.0,True,True,False,-1.5676966879820429,-1.4385408500282575
4-Hydroxyisoleucine,Trigonella foenum-graecum L.,Fenugreek,Fabaceae,Seeds,Nigeria,2773624,CC(C(C)O)C(C(=O)O)N,C6H13NO3,Insulin secretagogue,Pancreatic β-cells,10.4172/2155-6156.1000546,2015,AFRO11_030,Non-protein Amino Acid,Journal of Diabetes & Metabolism,Stimulates glucose-dependent insulin secretion.,147.17,-0.58,3.0,3.0,83.55,3.0,10.0,0.0,0.833,0.498,0.0,True,True,False,-0.7549424965357718,-1.0350090521496311
Marsectohexol,Gongronema latifolium Benth.,"Bushbuck (English), Utazi (Igbo), Madumaro/Arokeke (Yoruba), Utasi (Ibibio/Efik)",Asclepiadaceae,Leaf,Nigeria,15560121,CC(C1CCC2(C1(C(C(C3C2(CC=C4C3(CCC(C4)O)C)O)O)O)C)O)O,C21H34O6,"α-Amylase inhibitor, blood glucose level reduction","Porcine Pancreatic α-Amylase (PPA), Human Pancreatic α-Amylase (HPA), Human Salivary α-Amylase (HSA)",10.3389/fmolb.2022.866719,2022,AFRO11_031,Steroidal Pregnane,Frontiers in Molecular Biosciences,"Demonstrated an IC50 of 10.01 µM against porcine pancreatic α-amylase, outperforming reference acarbose (IC50 = 13.47 µM).",382.5,0.48,6.0,6.0,121.38,1.0,27.0,0.0,0.905,0.367,1.0,True,True,True,0.6186674213865196,-0.7870012930859831
"3-O-[6-deoxy-3-O-methyl-β-D-allopyranosyl-(1$\rightarrow4)−\beta$-D-oleandropyranosyl]-11,12-di-O-tigloyl-17$\beta$-marsdenin (Iloneoside)",Gongronema latifolium Benth.,"Bushbuck (English), Utazi (Igbo), Madumaro/Arokeke (Yoruba), Utasi (Ibibio/Efik)",Asclepiadaceae,Leaf,Nigeria,None,,,α-Amylase inhibitor,"Porcine Pancreatic α-Amylase (PPA), Human Pancreatic α-Amylase (HPA), Human Salivary α-Amylase (HSA)",10.3389/fmolb.2022.866719,2022,AFRO11_032,Pregnane Glycoside,Frontiers in Molecular Biosciences,Showed an IC50 of 12.10 µM against porcine pancreatic α-amylase.,,,,,,,,,,,,,,,,
3-O-[6-deoxy-3-O-methyl-β-D-allopyranosyl-(1$\rightarrow4)−\beta$-D-oleandropyranosyl]-17$\beta$-marsdenin,Gongronema latifolium Benth.,"Bushbuck (English), Utazi (Igbo), Madumaro/Arokeke (Yoruba), Utasi (Ibibio/Efik)",Asclepiadaceae,Leaf,Nigeria,None,,,α-Amylase inhibitor,"Porcine Pancreatic α-Amylase (PPA), Human Pancreatic α-Amylase (HPA), Human Salivary α-Amylase (HSA)",10.3389/fmolb.2022.866719,2022,AFRO11_033,Pregnane Glycoside,Frontiers in Molecular Biosciences,"Evaluated via in vitro DNSA assay (IC50 = 14.03 µM), active-site docking, and 100-ns molecular dynamics simulations.",,,,,,,,,,,,,,,,
3-O-[6-deoxy-3-O-methyl-β-D-allopyranosyl-(1$\rightarrow4)−\beta$-D-canaropyranosyl]-17$\beta$-marsdenin,Gongronema latifolium Benth.,"Bushbuck (English), Utazi (Igbo), Madumaro/Arokeke (Yoruba), Utasi (Ibibio/Efik)",Asclepiadaceae,Leaf,Nigeria,None,,,α-Amylase inhibitor,"Porcine Pancreatic α-Amylase (PPA), Human Pancreatic α-Amylase (HPA), Human Salivary α-Amylase (HSA)",10.3389/fmolb.2022.866719,2022,AFRO11_034,Pregnane Glycoside,Frontiers in Molecular Biosciences,Showed an IC50 of 13.71 µM against porcine pancreatic α-amylase.,,,,,,,,,,,,,,,,
Quercetin,Gongronema latifolium,"Bushbuck (English), Utazi (Igbo), Madumaro/Arokeke (Yoruba), Utasi (Ibibio/Efik)",Asclepiadaceae,Leaf,Nigeria,5280343,C1=CC(=C(C=C1C2=C(C(=O)C3=C(C=C(C=C3O2)O)O)O)O)O,C15H10O7,"Multi-target T2DM inhibitor, GLP-1R agonist","GSK-3β, GLP-1R, Human Aldose Reductase",10.1007/s42452-021-04880-2,2022,AFRO11_035,Flavonoid,SN Applied Sciences,"Docking scores: -13.138 kcal/mol (GSK-3$\beta$), -12.860 kcal/mol (GLP-1R), -11.687 kcal/mol (Aldose Reductase).",302.24,1.99,5.0,7.0,131.36,1.0,22.0,3.0,0.0,0.434,0.0,True,True,True,0.24184569522830912,-0.5992229470082536
Chicoric acid,Gongronema latifolium,"Bushbuck (English), Utazi (Igbo), Madumaro/Arokeke (Yoruba), Utasi (Ibibio/Efik)",Asclepiadaceae,Leaf,Nigeria,5281764,C1=CC(=C(C=C1C=CC(=O)OC(C(C(=O)O)OC(=O)C=CC2=CC(=C(C=C2)O)O)C(=O)O)O)O,C22H18O12,"Multi-target T2DM inhibitor, GLP-1R agonist","GSK-3β, GLP-1R, Human Aldose Reductase",10.1007/s42452-021-04880-2,2022,AFRO11_036,Hydroxycinnamic acid,SN Applied Sciences,Exhibited high stability with GLP-1R (ΔG = -62.038 kcal/mol) and high docking scores across all three targets.,474.37,1.23,6.0,10.0,208.12,9.0,34.0,2.0,0.091,0.172,1.0,True,False,True,1.9176176846235056,0.8508700797321509
Rosmarinic acid,Gongronema latifolium,"Bushbuck (English), Utazi (Igbo), Madumaro/Arokeke (Yoruba), Utasi (Ibibio/Efik)",Asclepiadaceae,Leaf,Nigeria,5281792,C1=CC(=C(C=C1CC(C(=O)O)OC(=O)C=CC2=CC(=C(C=C2)O)O)O)O,C18H16O8,"Aldose Reductase inhibitor, GSK-3$\beta$ inhibitor","Human Aldose Reductase, GSK-3$\beta$, GLP-1R",10.1007/s42452-021-04880-2,2022,AFRO11_037,Hydroxycinnamic acid,SN Applied Sciences,Lowest binding energy against Aldose Reductase with an XP glide score of -15.385 kcal/mol.,360.32,1.76,5.0,7.0,144.52,6.0,26.0,2.0,0.111,0.298,0.0,True,False,True,0.6521017577289976,0.3159111961313288
S-methylcysteinesulfoxide (SMCS),Allium cepa L.,Onion,Alliaceae,Bulb,Nigeria,82142,CS(=O)CC(C(=O)O)N,C4H9NO3S,"Antidiabetic, insulin secretagogue","Pancreatic β-cells, liver insulin-inactivating sites",10.4172/2155-6156.1000546,2015,AFRO11_038,Organosulfur / Amino acid derivative,Journal of Diabetes & Metabolism,Stimulates insulin secretion; competes with insulin for liver inactivating sites.,151.19,-1.22,2.0,3.0,80.39,3.0,9.0,0.0,0.75,0.529,0.0,True,True,False,-0.8401068025198729,-1.152651385936349
S-allylcysteinesulfoxide (SACS),Allium sativum L.,Garlic,Alliaceae,Clove,Nigeria,121922,C=CCS(=O)CC(C(=O)O)N,C6H11NO3S,"Antidiabetic, antioxidant, gluconeogenesis inhibitor","Hepatic gluconeogenic enzymes, pancreatic β-cells",10.4172/2155-6156.1000546,2015,AFRO11_039,Organosulfur / Amino acid derivative,Journal of Diabetes & Metabolism,Inhibits gluconeogenesis and lipid peroxidation; precursor of allicin.,177.22,-0.67,2.0,3.0,80.39,5.0,11.0,0.0,0.5,0.546,0.0,True,True,False,-0.7764609892470875,-0.6327857907150923
Lophenol,Aloe vera (L.) Burm.f.,Aloe vera,Asphodelaceae,Leaf gel / pulp,Nigeria,160482,CC1C(CCC2(C1CC=C3C2CCC4(C3CCC4C(C)CCCC(C)C)C)C)O,C28H48O,"Antidiabetic, blood glucose lowering","Pancreatic β-cells, carbohydrate metabolizing enzymes",10.4172/2155-6156.1000546,2015,AFRO11_040,Phytosterol,Journal of Diabetes & Metabolism,Causes significant reduction in HbA1c levels.,400.69,7.63,1.0,1.0,20.23,5.0,29.0,0.0,0.929,0.47,1.0,True,True,False,-1.9068095317212066,1.747114526964498
Catharanthine,Catharanthus roseus (L.) G.Don,Madagascar Periwinkle,Apocynaceae,Fresh leaf juice,"Nigeria, UK",5458190,CCC1=CC2CC3(C1N(C2)CCC4=C3NC5=CC=CC=C45)C(=O)OC,C21H24N2O2,"Hypoglycemic, antidiabetic",Hepatic glucose metabolizing enzymes,10.4172/2155-6156.1000546,2015,AFRO11_041,Terpenoid Indole Alkaloid,Journal of Diabetes & Metabolism,Increases hepatic utilization of glucose.,336.44,3.18,1.0,3.0,45.33,2.0,25.0,2.0,0.476,0.677,0.0,True,True,True,-1.291099418854623,0.06655353823470994
Vindoline,Catharanthus roseus (L.) G.Don,Madagascar Periwinkle,Apocynaceae,Fresh leaf juice,"Nigeria, UK",260535,CCC12C=CCN3C1C4(CC3)C(C(C2OC(=O)C)(C(=O)OC)O)N(C5=C4C=CC(=C5)OC)C,C25H32N2O6,"Hypoglycemic, antidiabetic","Hepatic glycogen synthase, G6PDH",10.4172/2155-6156.1000546,2015,AFRO11_042,Terpenoid Indole Alkaloid,Journal of Diabetes & Metabolism,Suppresses gluconeogenic enzymes.,456.54,1.64,1.0,8.0,88.54,4.0,33.0,1.0,0.6,0.541,0.0,True,True,True,-0.0006111537164095237,0.22569163804311818
Cinnamaldehyde,Cinnamomum cassia,Chinese cinnamon,Lauraceae,Bark,Nigeria,637511,C1=CC=C(C=C1)C=CC=O,C9H8O,"Insulin mimetic, antidiabetic","3T3-L1 Adipocytes, insulin pathways",10.4172/2155-6156.1000546,2015,AFRO11_043,Phenylpropanoid,Journal of Diabetes & Metabolism,Enhances insulin action and increases glucose uptake.,132.16,1.9,0.0,1.0,17.07,2.0,10.0,1.0,0.0,0.443,0.0,True,True,False,-2.1652785848451592,-0.5652391089695332
Beta-sitosterol,Coccinia indica,Ivy gourd,Cucurbitaceae,Leaves,Nigeria,222284,CCC(CCC(C)C1CCC2C1(CCC3C2CC=C4C3(CCC(C4)O)C)C)C(C)C,C29H50O,Hypoglycemic,"Glucose-6-phosphatase, glycogen synthase",10.4172/2155-6156.1000546,2015,AFRO11_044,Phytosterol,Journal of Diabetes & Metabolism,Suppresses key gluconeogenic enzymes.,414.72,8.02,1.0,1.0,20.23,6.0,30.0,0.0,0.931,0.436,1.0,True,True,False,-1.8861181797666173,2.034981498230716
Leucopelargonidin derivative,Ficus bengalensis Linn.,Indian Banyan tree,Moraceae,"Bark, leaves",Nigeria,282014,C1C(C(OC2=CC(=CC(=C21)O)O)C3=CC=C(C=C3)O)O,C15H14O5,"Hypoglycemic, insulin secretagogue","Pancreatic β-cells, insulinase",10.4172/2155-6156.1000546,2015,AFRO11_045,"Flavonoid / Flavan-3,4-diol",Journal of Diabetes & Metabolism,Stimulates insulin secretion and inhibits insulinase activity.,274.27,1.84,4.0,5.0,90.15,1.0,20.0,2.0,0.2,0.637,0.0,True,True,True,-0.4015854917271885,-0.6263301921529543
Gymnemic acid,Gymnema sylvestre,Gurmar,Asclepiadaceae,Leaves,Nigeria,None,,,"Antidiabetic, insulin secretagogue","Pancreatic Islets, gluconeogenic enzymes",10.4172/2155-6156.1000546,2015,AFRO11_046,Triterpene Saponin Glycoside,Journal of Diabetes & Metabolism,Induces β-cell regeneration and enhances endogenous insulin biosynthesis.,,,,,,,,,,,,,,,,
Charantin,Momordica charantia / M. cymbalaria,Bitter Melon,Cucurbitaceae,"Fruit pulp, seeds",Nigeria,296119,CCC(CCC(C)C1CCC2C1(CCC3C2CC=C4C3(CCC(C4)OC5C(C(C(C(O5)CO)O)O)O)C)C)C(C)C,C35H60O6,"Hypoglycemic, antidiabetic","Pancreatic β-cells, gluconeogenic enzymes",10.4172/2155-6156.1000546,2015,AFRO11_047,Steroidal Saponin Glycoside,Journal of Diabetes & Metabolism,Exerts extra-pancreatic glycemic control and stimulates insulin secretion.,576.86,5.85,4.0,6.0,99.38,9.0,41.0,0.0,0.943,0.257,2.0,False,True,False,0.2869910886203952,2.231323262855425
Senegin-II,Polygala senega L.,Seneca snakeroot,Polygalaceae,Rhizomes,Nigeria,11953920,CC1C(C(C(C(O1)OC2C(C(C(OC2OC(=O)C34CCC(CC3C5=CCC6C(C5(CC4)CO)(CCC7C6(CC(C(C7(C)C(=O)O)OC8C(C(C(C(O8)CO)O)O)O)O)C)C)(C)C)C)OC(=O)C=CC9=CC(=C(C=C9)OC)OC)O)O)O)OC1C(C(C(CO1)OC1C(C(C(C(O1)CO)O)O)O)O)O,C70H104O32,"Antidiabetic, insulin sensitizer",Liver glucose output pathways,10.4172/2155-6156.1000546,2015,AFRO11_048,Triterpenoid Saponin Glycoside,Journal of Diabetes & Metabolism,Decreases hepatic glucose output without altering plasma insulin concentration.,1457.57,-2.23,16.0,31.0,494.88,19.0,102.0,1.0,0.814,0.03,3.0,False,False,False,10.379539298120097,3.1621227028862204
Epicatechin,Pterocarpus marsupium,Indian Kino,Fabaceae,Bark,Nigeria,72276,C1C(C(OC2=CC(=CC(=C21)O)O)C3=CC(=C(C=C3)O)O)O,C15H14O6,"Antidiabetic, β-cell regenerator",Functional pancreatic β-cells,10.4172/2155-6156.1000546,2015,AFRO11_049,Flavan-3-ol / Tannin,Journal of Diabetes & Metabolism,Prevents β-cell damage and regenerates functional pancreatic islets.,290.27,1.55,5.0,6.0,110.38,1.0,21.0,2.0,0.2,0.51,0.0,True,True,True,0.04268653051138944,-0.6995940312735793
Pterostilbene,Pterocarpus marsupium,Indian Kino,Fabaceae,Bark,Nigeria,5281727,COC1=CC(=CC(=C1)C=CC2=CC=C(C=C2)O)OC,C16H16O3,"Antidiabetic, antioxidant",Pancreatic β-cells,10.4172/2155-6156.1000546,2015,AFRO11_050,Stilbenoid / Flavonoid,Journal of Diabetes & Metabolism,Enhances insulin secretion.,256.3,3.58,1.0,3.0,38.69,4.0,19.0,2.0,0.125,0.85,0.0,True,True,False,-1.514858362881524,0.3514535570863946
Mycaminose,Syzygium cumini,Java Plum,Myrtaceae,"Seeds, leaves, fruit pulp",Nigeria,160504,CC(C(C(C(C=O)O)N(C)C)O)O,C8H17NO4,"Hypoglycemic, peripheral glucose utilization activator",Peripheral glucose utilization kinases,10.4172/2155-6156.1000546,2015,AFRO11_051,Amino Sugar Glycoside,Journal of Diabetes & Metabolism,Stimulates kinases involved in peripheral glucose utilization.,191.23,-1.78,3.0,5.0,81.0,5.0,13.0,0.0,0.875,0.448,0.0,True,True,False,-0.2582601642213772,-0.890889165577593
Trigonelline,Trigonella foenum-graecum L.,Fenugreek,Fabaceae,Seeds,Nigeria,5570,C[N+]1=CC=CC(=C1)C(=O)[O-],C7H7NO2,"Antidiabetic, insulin secretagogue","Pancreatic β-cells, intestinal disaccharidases",10.4172/2155-6156.1000546,2015,AFRO11_052,Pyridine Alkaloid,Journal of Diabetes & Metabolism,Delays carbohydrate digestion/absorption and increases glucose-induced insulin secretion.,137.14,-1.13,0.0,2.0,44.01,1.0,10.0,1.0,0.143,0.46,0.0,True,True,False,-1.5676966879820429,-1.4385408500282575
4-Hydroxyisoleucine,Trigonella foenum-graecum L.,Fenugreek,Fabaceae,Seeds,Nigeria,2773624,CC(C(C)O)C(C(=O)O)N,C6H13NO3,Insulin secretagogue,Pancreatic β-cells,10.4172/2155-6156.1000546,2015,AFRO11_053,Non-protein Amino Acid,Journal of Diabetes & Metabolism,Stimulates glucose-dependent insulin secretion.,147.17,-0.58,3.0,3.0,83.55,3.0,10.0,0.0,0.833,0.498,0.0,True,True,False,-0.7549424965357718,-1.0350090521496311
2-Hydroxygenistein,Cajanus cajan,Pigeon pea,Fabaceae,"Leaf, root, seed","Nigeria, India, Ghana, Kenya",5280863,C1=CC(=CC=C1C2=C(C(=O)C3=C(C=C(C=C3O2)O)O)O)O,C15H10O6,Regulation of glucose metabolism,AKR1B1 (-9.1 kcal/mol),10.3390/molecules24102002,2019,AFRO11_054,Isoflavone,Molecules (MDPI),Predicted active compound with favorable ADMET properties. PDF,286.24,2.28,4.0,6.0,111.13,1.0,21.0,3.0,0.0,0.546,0.0,True,True,True,-0.20242632701026886,-0.5259591078876286
Apigenin,Cajanus cajan,Pigeon pea,Fabaceae,"Leaf, root, seed","Nigeria, India, Ghana, Kenya",5280443,C1=CC(=CC=C1C2=CC(=O)C3=C(C=C(C=C3O2)O)O)O,C15H10O5,"Regulation of insulin secretion, glucose metabolism, and lipid metabolism","AKR1B1 (-9.1), HSD11B1 (-9.0), RBP4 (-9.9), RXRA (-9.1 kcal/mol)",10.3390/molecules24102002,2019,AFRO11_055,Flavonoid,Molecules (MDPI),Multi-target anti-diabetic compound with favorable ADMET properties. PDF,270.24,2.58,3.0,5.0,90.9,1.0,20.0,3.0,0.0,0.632,0.0,True,True,True,-0.6478874210624215,-0.45043696205708234
Autumnarinol,Eucomis autumnalis,Pineapple lily,Asparagaceae,"Bulb, root","South Africa, Lesotho, Eswatini",None,,,Regulation of insulin secretion,RBP4 (-9.0 kcal/mol),10.3390/molecules24102002,2019,AFRO11_056,Homoisoflavonoid,Molecules (MDPI),Predicted active compound with favorable ADMET properties. PDF,,,,,,,,,,,,,,,,
Catechin,"Adansonia digitata, Combretum micranthum, Prunus africana, Sclerocarya birrea, Pelargonium sidoides, Typha capensis","Baobab, Kinkeliba, African cherry, Marula, African geranium, Bulrush","Malvaceae, Combretaceae, Rosaceae, Anacardiaceae, Geraniaceae, Typhaceae","Bark, leaf, root, fruit","Senegal, Mali, Burkina Faso, Nigeria, South Africa, Kenya",9064,C1C(C(OC2=CC(=CC(=C21)O)O)C3=CC(=C(C=C3)O)O)O,C15H14O6,Regulation of insulin secretion and glucose metabolism,"AKR1B1 (-9.0), HSD11B1 (-9.5), RBP4 (-9.3 kcal/mol)",10.3390/molecules24102002,2019,AFRO11_057,Flavan-3-ol,Molecules (MDPI),Multi-target compound sourced across multiple African medicinal plants. PDF,290.27,1.55,5.0,6.0,110.38,1.0,21.0,2.0,0.2,0.51,0.0,True,True,True,0.04268653051138944,-0.6995940312735793
Crotofoline A,Croton gratissimus,Lavender croton,Euphorbiaceae,"Stem bark, leaf","South Africa, Namibia, Botswana, Zimbabwe, Nigeria",N/A,N/A,N/A,"Regulation of insulin secretion, glucose metabolism, and lipid metabolism","AMY2A (-9.2), HSD11B1 (-9.9), PPARD (-9.3 kcal/mol)",10.3390/molecules24102002,2019,AFRO11_058,Diterpenoid,Molecules (MDPI),Novel potential multi-targeted anti-diabetic lead candidate. PDF,,,,,,,,,,,,,,,,
Cyanidin,Rhoicissus tridentata,Bushman's grape,Vitaceae,"Root, tuber, fruit","South Africa, Zimbabwe, Mozambique",128861,C1=CC(=C(C=C1C2=[O+]C3=CC(=CC(=C3C=C2O)O)O)O)O,C15H11O6+,Regulation of insulin secretion and glucose metabolism,"AKR1B1 (-9.1), HSD11B1 (-9.5), RBP4 (-9.2 kcal/mol)",10.3390/molecules24102002,2019,AFRO11_059,Anthocyanidin,Molecules (MDPI),Multi-target compound with favorable ADMET profile. PDF,287.25,2.91,5.0,5.0,112.45,1.0,21.0,3.0,0.0,0.347,0.0,True,True,True,-0.21178198652710298,-0.3911110500370888
Desacetylformonoakuammiline,Rauvolfia vomitoria,"Poison peacock, Serpentwood",Apocynaceae,"Root bark, leaf","Nigeria, Ghana, Cameroon, DR Congo",N/A,N/A,N/A,Regulation of insulin secretion and lipid metabolism,"HSD11B1 (-9.1), PPARD (-9.0 kcal/mol)",10.3390/molecules24102002,2019,AFRO11_060,Indole Alkaloid,Molecules (MDPI),Predicted active compound with favorable ADMET properties. PDF,,,,,,,,,,,,,,,,
Eburnamonine,Vinca minor,Lesser periwinkle,Apocynaceae,"Leaf, aerial parts","South Africa, Algeria, Morocco",92112,CCC12CCCN3C1C4=C(CC3)C5=CC=CC=C5N4C(=O)C2,C19H22N2O,"Regulation of insulin secretion, glucose metabolism, and lipid metabolism","AKR1B1 (-9.4), HSD11B1 (-9.2), PPARD (-9.3), RBP4 (-9.4 kcal/mol)",10.3390/molecules24102002,2019,AFRO11_061,Indole Alkaloid,Molecules (MDPI),Multi-target compound with experimental anti-diabetic evidence. PDF,294.4,3.77,0.0,2.0,25.24,1.0,22.0,2.0,0.526,0.8,0.0,True,True,True,-1.8673682542044263,-0.01555214159758027
Ent-16-kauran-19-oic acid,Aster bakeranus,Baker's aster,Asteraceae,"Root, leaf","South Africa, Lesotho",N/A,N/A,N/A,Regulation of insulin secretion and lipid metabolism,"HSD11B1 (-9.4), PPARD (-9.4 kcal/mol)",10.3390/molecules24102002,2019,AFRO11_062,Diterpenoid,Molecules (MDPI),Dual-target compound with favorable ADMET properties. PDF,,,,,,,,,,,,,,,,
Epicatechin,"Acacia karroo, Harungana madagascariensis, Prunus africana","Sweet thorn, Dragon's blood tree, African cherry","Fabaceae, Hypericaceae, Rosaceae","Bark, leaf, root","South Africa, Madagascar, Cameroon, Kenya",72276,C1C(C(OC2=CC(=CC(=C21)O)O)C3=CC(=C(C=C3)O)O)O,C15H14O6,Regulation of insulin secretion and glucose metabolism,"AKR1B1 (-9.2), RBP4 (-9.3 kcal/mol)",10.3390/molecules24102002,2019,AFRO11_063,Flavan-3-ol,Molecules (MDPI),Shows structural similarity to SGLT2 inhibitor gliflozins. PDF,290.27,1.55,5.0,6.0,110.38,1.0,21.0,2.0,0.2,0.51,0.0,True,True,True,0.04268653051138944,-0.6995940312735793
Ergine,Ipomoea purpurea,Common morning glory,Convolvulaceae,"Seed, leaf","South Africa, Kenya, Ethiopia, Nigeria",442072,CN1CC(C=C2C1CC3=CNC4=CC=CC2=C34)C(=O)N,C16H17N3O,Regulation of insulin secretion,"HSD11B1 (-9.5), RBP4 (-9.4 kcal/mol)",10.3390/molecules24102002,2019,AFRO11_064,Ergot Alkaloid,Molecules (MDPI),Dual-target compound with favorable ADMET properties. PDF,267.33,1.52,2.0,2.0,62.12,1.0,20.0,2.0,0.312,0.823,0.0,True,True,True,-1.144259970305975,-0.6340946345191943
Eriodictyol,Cyclopia intermedia,Honeybush,Fabaceae,"Leaf, stem",South Africa,440735,C1C(OC2=CC(=CC(=C2C1=O)O)O)C3=CC(=C(C=C3)O)O,C15H12O6,Regulation of insulin secretion,"HSD11B1 (-9.2), RBP4 (-9.5 kcal/mol)",10.3390/molecules24102002,2019,AFRO11_065,Flavanone,Molecules (MDPI),Predicted active compound with favorable ADMET properties. PDF,288.25,2.22,4.0,6.0,107.22,1.0,21.0,2.0,0.133,0.599,0.0,True,True,True,-0.21337755043305937,-0.5330833336553639
Erythraline,"Erythrina caffra, Erythrina lysistemon","Coast coral tree, Common coral tree",Fabaceae,"Seed, bark, leaf","South Africa, Eswatini, Mozambique",5317205,COC1CC23C(=CCN2CCC4=CC5=C(C=C34)OCO5)C=C1,C18H19NO3,Regulation of insulin secretion and glucose metabolism,"AKR1B1 (-9.0), GCK (-9.8), RBP4 (-9.0 kcal/mol)",10.3390/molecules24102002,2019,AFRO11_066,Erythrina Alkaloid,Molecules (MDPI),Novel potential multi-targeted anti-diabetic lead candidate. PDF,297.35,2.38,0.0,4.0,30.93,1.0,22.0,1.0,0.444,0.796,0.0,True,True,True,-1.4661908538218111,-0.3445195313690488
"Furanoeudesma-1,3-diene",Commiphora myrrha,Myrrh tree,Burseraceae,"Resin, bark","Somalia, Ethiopia, Kenya",13874240,CC1=CC=CC2(C1CC3=C(C2)OC=C3C)C,C15H18O,Regulation of insulin secretion,RBP4 (-9.0 kcal/mol),10.3390/molecules24102002,2019,AFRO11_067,Sesquiterpenoid,Molecules (MDPI),Predicted active compound with favorable ADMET properties. PDF,214.31,3.83,0.0,1.0,13.14,0.0,16.0,1.0,0.467,0.639,0.0,True,True,False,-2.276041758622398,-0.3132066909468942
Hautriwaic acid,Dodonaea angustifolia,Sand olive,Sapindaceae,"Leaf, stem bark","South Africa, Kenya, Ethiopia, Tanzania",12310372,CC1CCC2(C(C1(C)CCC3=COC=C3)CCC=C2C(=O)O)CO,C20H28O4,Regulation of glucose metabolism,AKR1B1 (-9.3 kcal/mol),10.3390/molecules24102002,2019,AFRO11_068,Diterpenoid,Molecules (MDPI),Predicted active compound with favorable ADMET properties. PDF,332.44,4.05,2.0,3.0,70.67,5.0,24.0,1.0,0.65,0.853,0.0,True,True,True,-1.006324284286676,0.739734640763203
Henningsiine,Strychnos henningsii,Red bitterberry,Loganiaceae,"Bark, root, leaf","South Africa, Kenya, Uganda, Tanzania",N/A,N/A,N/A,"Regulation of insulin secretion, glucose metabolism, and lipid metabolism","AMY2A (-9.1), HSD11B1 (-9.6), PPARD (-10.0), PPARG (-9.0 kcal/mol)",10.3390/molecules24102002,2019,AFRO11_069,Indole Alkaloid,Molecules (MDPI),Novel multi-targeted hit with 4 predicted anti-diabetic targets. PDF,,,,,,,,,,,,,,,,
Ibozol,Tetradenia riparia,"Misty plume bush, Ginger bush",Lamiaceae,"Leaf, shoot","South Africa, Mozambique, Zimbabwe, Rwanda",5458584,CC(C)C1(CCC2=C(C1)C(CC3C2(CCCC3(C)C)C)O)O,C20H34O2,Regulation of glucose metabolism,GCK (-9.7 kcal/mol),10.3390/molecules24102002,2019,AFRO11_070,Diterpenoid,Molecules (MDPI),Glucokinase-targeted hit with favorable ADMET properties. PDF,306.49,4.45,2.0,2.0,40.46,1.0,22.0,0.0,0.9,0.703,0.0,True,True,True,-1.5226372184171433,0.1174033775908493
Integerrimine,Lotononis laxa,Yellow lotononis,Fabaceae,"Aerial parts, leaf","South Africa, Namibia, Botswana",5281733,CC=C1CC(C(C(=O)OCC2=CCN3C2C(CC3)OC1=O)(C)O)C,C18H25NO5,Regulation of insulin secretion and lipid metabolism,"HSD11B1 (-9.1), PPARD (-9.3 kcal/mol)",10.3390/molecules24102002,2019,AFRO11_071,Pyrrolizidine Alkaloid,Molecules (MDPI),Dual-target compound with favorable ADMET properties. PDF,335.4,1.19,1.0,6.0,76.07,0.0,24.0,0.0,0.667,0.407,0.0,True,True,True,-0.6468496274201754,-0.7757245270128987
Lapachol,Kigelia africana,Sausage tree,Bignoniaceae,"Bark, fruit, root","Nigeria, Ghana, Kenya, South Africa, Tanzania",3884,CC(=CCC1=C(C2=CC=CC=C2C(=O)C1=O)O)C,C15H14O3,Regulation of glucose metabolism,AKR1B1 (-9.2 kcal/mol),10.3390/molecules24102002,2019,AFRO11_072,Naphthoquinone,Molecules (MDPI),Compound with experimental anti-diabetic evidence. PDF,242.27,3.08,1.0,3.0,54.37,2.0,18.0,1.0,0.2,0.64,0.0,True,True,False,-1.4616663118521378,-0.14407898987256212
Nauclefidine,Nauclea latifolia,"African peach, Pin cushion tree",Rubiaceae,"Root, stem bark, leaf","Nigeria, Cameroon, Ghana, Benin, DR Congo",None,,,Regulation of insulin secretion and glucose metabolism,"AKR1B1 (-10.1), HSD11B1 (-9.0), RBP4 (-10.0 kcal/mol)",10.3390/molecules24102002,2019,AFRO11_073,Indole Alkaloid,Molecules (MDPI),Novel potential multi-targeted anti-diabetic lead candidate. PDF,,,,,,,,,,,,,,,,
N-methylflindersine,Toddalia asiatica,Orange climber,Rutaceae,"Root bark, leaf","Kenya, Tanzania, Uganda, South Africa, Nigeria",72819,CC1(C=CC2=C(O1)C3=CC=CC=C3N(C2=O)C)C,C15H15NO2,Regulation of insulin secretion and glucose metabolism,"AKR1B1 (-9.2), RBP4 (-9.5 kcal/mol)",10.3390/molecules24102002,2019,AFRO11_074,Quinoline Alkaloid,Molecules (MDPI),Dual-target compound with favorable ADMET properties. PDF,241.29,2.72,0.0,2.0,31.23,0.0,18.0,2.0,0.267,0.71,0.0,True,True,False,-1.8720630151055593,-0.5319592098719951
Platyphylline,Senecio serratuloides,Two-color ragwort,Asteraceae,"Leaf, root, flower","South Africa, Eswatini",5281742,CC=C1CC(C(C(=O)OCC2CCN3C2C(CC3)OC1=O)(C)O)C,C18H27NO5,Regulation of insulin secretion and lipid metabolism,"HSD11B1 (-9.4), PPARD (-9.3 kcal/mol)",10.3390/molecules24102002,2019,AFRO11_075,Pyrrolizidine Alkaloid,Molecules (MDPI),Dual-target compound with favorable ADMET properties. PDF,337.42,1.27,1.0,6.0,76.07,0.0,24.0,0.0,0.778,0.53,0.0,True,True,True,-0.6513017115129144,-0.7537501266213875
Rhinocerotinoic acid,Elytropappus rhinocerotis,Renosterbos,Asteraceae,"Leaf, twig",South Africa,75411923,CC1=C(C2(CCCC(C2CC1=O)(C)C)C)CCC(=CC(=O)O)C,C20H30O3,Regulation of insulin secretion,"HSD11B1 (-9.2), RBP4 (-9.9 kcal/mol)",10.3390/molecules24102002,2019,AFRO11_076,Diterpenoid,Molecules (MDPI),Dual-target compound with favorable ADMET properties. PDF,318.46,4.92,1.0,2.0,54.37,4.0,23.0,0.0,0.7,0.749,0.0,True,True,True,-1.5231799130833743,0.7726880330932523
Senecionine,Senecio serratuloides,Two-color ragwort,Asteraceae,"Leaf, root","South Africa, Eswatini",5280906,CC=C1CC(C(C(=O)OCC2=CCN3C2C(CC3)OC1=O)(C)O)C,C18H25NO5,Regulation of insulin secretion and lipid metabolism,"HSD11B1 (-10.3), PPARD (-9.4 kcal/mol)",10.3390/molecules24102002,2019,AFRO11_077,Pyrrolizidine Alkaloid,Molecules (MDPI),High binding affinity hit for HSD11B1 (-10.3 kcal/mol). PDF,335.4,1.19,1.0,6.0,76.07,0.0,24.0,0.0,0.667,0.407,0.0,True,True,True,-0.6468496274201754,-0.7757245270128987
Valerenic acid,Valeriana capensis,Cape valerian,Valerianaceae,"Root, rhizome","South Africa, Lesotho, Malawi",6440940,CC1CCC(C2=C(CCC12)C)C=C(C)C(=O)O,C15H22O2,Regulation of glucose metabolism,AKR1B1 (-9.0 kcal/mol),10.3390/molecules24102002,2019,AFRO11_078,Sesquiterpenoid,Molecules (MDPI),Predicted active compound with favorable ADMET properties. PDF,234.34,3.79,1.0,1.0,37.3,2.0,17.0,0.0,0.667,0.583,0.0,True,True,False,-1.8617563067468632,0.029073044446966678
Vinburnine,Voacanga africana,Voacanga tree,Apocynaceae,"Bark, root, seed","Ghana, Nigeria, Ivory Coast, Cameroon",71203,CCC12CCCN3C1C4=C(CC3)C5=CC=CC=C5N4C(=O)C2,C19H22N2O,"Regulation of insulin secretion, glucose metabolism, and lipid metabolism","AKR1B1 (-9.6), HSD11B1 (-9.1), PPARD (-9.3), PPARG (-9.4), RBP4 (-10.7), RXRA (-9.3 kcal/mol)",10.3390/molecules24102002,2019,AFRO11_079,Indole Alkaloid,Molecules (MDPI),Novel multi-targeted lead active across 6 diabetes targets. PDF,294.4,3.77,0.0,2.0,25.24,1.0,22.0,2.0,0.526,0.8,0.0,True,True,True,-1.8673682542044263,-0.01555214159758027
Voaphylline,Voacanga africana,Voacanga tree,Apocynaceae,"Bark, root, leaf","Ghana, Nigeria, Ivory Coast, Cameroon",10469868,CCC12CCC3=C(CCN(C1)CC4C2O4)C5=CC=CC=C5N3,C19H24N2O,"Regulation of insulin secretion, glucose metabolism, and lipid metabolism","AMY2A (-9.0), DPP4 (-9.6), GCK (-9.1), HSD11B1 (-9.3), PPARD (-9.1), PPARG (-9.8), RBP4 (-9.2 kcal/mol)",10.3390/molecules24102002,2019,AFRO11_080,Indole Alkaloid,Molecules (MDPI),Novel multi-targeted lead active across 7 diabetes targets. PDF,296.41,3.14,1.0,2.0,31.56,1.0,22.0,2.0,0.579,0.82,0.0,True,True,True,-1.5973994118823196,-0.17509933317371074
Withasomnine,Voacanga africana,Voacanga tree,Apocynaceae,"Root, bark, leaf","Ghana, Nigeria, Ivory Coast, Cameroon",442877,C1CC2=C(C=NN2C1)C3=CC=CC=C3,C12H12N2,Regulation of insulin secretion,FFAR1 (-9.1 kcal/mol),10.3390/molecules24102002,2019,AFRO11_081,Pyrazole Alkaloid,Molecules (MDPI),Potential FFAR1 agonist with favorable ADMET properties. PDF,184.24,2.5,0.0,1.0,17.82,1.0,14.0,2.0,0.25,0.665,0.0,True,True,False,-2.1336347266990354,-0.5021221588734818
Aspalathin,Aspalathus linearis,Rooibos,Fabaceae,Leaf,South Africa,11282394,C1=CC(=C(C=C1CCC(=O)C2=C(C=C(C(=C2O)C3C(C(C(C(O3)CO)O)O)O)O)O)O)O,C21H24O11,Reported antidiabetic activity,Multiple diabetes targets,10.3390/molecules24102002,2019,AFRO11_082,Flavonoid,Literature + DIA-DB study,Identified as bioactive antidiabetic constituent,452.41,-0.45,9.0,11.0,208.37,6.0,32.0,2.0,0.381,0.202,2.0,False,False,False,2.5234728432211697,-0.14884677450845077
Isoorientin,Aspalathus linearis,Rooibos,Fabaceae,Leaf,South Africa,114776,C1=CC(=C(C=C1C2=CC(=O)C3=C(O2)C=C(C(=C3O)C4C(C(C(C(O4)CO)O)O)O)O)O)O,C21H20O11,Reported antidiabetic activity,Multiple diabetes targets,10.3390/molecules24102002,2019,AFRO11_083,Flavonoid,Literature + DIA-DB study,Reported in Rooibos antidiabetic studies,448.38,-0.2,8.0,11.0,201.28,3.0,32.0,3.0,0.286,0.247,2.0,False,False,True,2.193323107617343,-0.5964741427647596
Orientin,Aspalathus linearis,Rooibos,Fabaceae,Leaf,South Africa,5281675,C1=CC(=C(C=C1C2=CC(=O)C3=C(O2)C(=C(C=C3O)O)C4C(C(C(C(O4)CO)O)O)O)O)O,C21H20O11,Reported antidiabetic activity,Multiple diabetes targets,10.3390/molecules24102002,2019,AFRO11_084,Flavonoid,Literature + DIA-DB study,Identified as active constituent,448.38,-0.2,8.0,11.0,201.28,3.0,32.0,3.0,0.286,0.247,2.0,False,False,True,2.193323107617343,-0.5964741427647596
Quercetin,Aspalathus linearis,Rooibos,Fabaceae,Leaf,South Africa,5280343,C1=CC(=C(C=C1C2=C(C(=O)C3=C(C=C(C=C3O2)O)O)O)O)O,C15H10O7,Reported antidiabetic activity,Multiple diabetes targets,10.3390/molecules24102002,2019,AFRO11_085,Flavonol,Literature + DIA-DB study,Widely reported antidiabetic flavonoid,302.24,1.99,5.0,7.0,131.36,1.0,22.0,3.0,0.0,0.434,0.0,True,True,True,0.24184569522830912,-0.5992229470082536
Cryptolepine,Cryptolepis sanguinolenta,Ghana quinine,Apocynaceae,Root,Ghana,82143,CN1C2=CC=CC=C2C=C3C1=C4C=CC=CC4=N3,C16H12N2,Reported antidiabetic activity,Multiple diabetes targets,10.3390/molecules24102002,2019,AFRO11_086,Indoloquinoline Alkaloid,Literature + DIA-DB study,Identified as active constituent,232.29,3.83,0.0,1.0,17.82,0.0,18.0,2.0,0.062,0.45,0.0,True,True,False,-2.2033240320654603,-0.2814587265828739
Chlorogenic Acid,Vernonia amygdalina,Bitter Leaf,Asteraceae,Leaf,Nigeria,1794427,C1C(C(C(CC1(C(=O)O)O)OC(=O)C=CC2=CC(=C(C=C2)O)O)O)O,C16H18O9,Reported antidiabetic activity,Multiple diabetes targets,10.3390/molecules24102002,2019,AFRO11_087,Phenolic Acid,Literature + DIA-DB study,Active constituent of V. amygdalina,354.31,-0.65,6.0,8.0,164.75,4.0,25.0,1.0,0.375,0.234,1.0,True,False,False,1.2294831183922204,-0.6239951907855766
Vanillin,Momordica balsamina Linn,Momordica balsamina Linn,Cucurbitaceae,Leaf,South Africa,1183,COC1=C(C=CC(=C1)C=O)O,C8H8O3,Antidiabetic / Enzyme inhibition,α-Glucosidase,10.3390/cimb48050503,2026,AFRO11_088,Phenolic aldehyde,GC-MS,Identified in DCM leaf extract,152.15,1.21,1.0,3.0,46.53,2.0,11.0,1.0,0.125,0.648,0.0,True,True,False,-1.5114383527066104,-0.7356439323927817
"2,4-di-tert-butylphenol",Momordica balsamina Linn,Momordica balsamina Linn,Cucurbitaceae,Leaf,South Africa,7311,CC(C)(C)C1=CC(=C(C=C1)O)C(C)(C)C,C14H22O,Antidiabetic / Enzyme inhibition / Anti-inflammatory,α-Amylase,10.3390/cimb48050503,2026,AFRO11_089,Phenol derivative,GC-MS,Identified in DCM leaf extract,206.33,3.99,1.0,1.0,20.23,0.0,15.0,1.0,0.571,0.68,0.0,True,True,False,-2.120483211709802,-0.3141741935983214
Tetratriacontane,Momordica balsamina Linn,Momordica balsamina Linn,Cucurbitaceae,Leaf,South Africa,26519,CCCCCCCCCCCCCCCCCCCCCCCCCCCCCCCCCC,C34H70,Antidiabetic / Enzyme inhibition,"α-Amylase, α-Glucosidase",10.3390/cimb48050503,2026,AFRO11_090,Saturated alkane / Hydrocarbon,GC-MS,Identified in Hexane leaf extract,478.93,13.51,0.0,0.0,0.0,31.0,34.0,0.0,1.0,0.087,1.0,True,False,False,-1.949833716630447,7.753996054357521
Propylene glycol,Momordica balsamina Linn,Momordica balsamina Linn,Cucurbitaceae,Leaf,South Africa,1030,CC(CO)O,C3H8O2,Antidiabetic / Enzyme inhibition,α-Glucosidase,10.3390/cimb48050503,2026,AFRO11_091,Diol / Alcohol,GC-MS,Identified in Ethyl acetate leaf extract,76.09,-0.64,2.0,2.0,40.46,1.0,5.0,0.0,1.0,0.436,0.0,True,True,False,-1.494596195908484,-1.477812818193459
Oleic acid,Momordica balsamina Linn,Momordica balsamina Linn,Cucurbitaceae,Leaf,South Africa,445639,CCCCCCCCC=CCCCCCCCC(=O)O,C18H34O2,Antidiabetic / Glucose uptake enhancement,IRS1 / PI3K signaling pathway,10.3390/cimb48050503,2026,AFRO11_092,Monounsaturated fatty acid,GC-MS,Identified in Ethyl acetate leaf extract,282.47,6.11,1.0,1.0,37.3,15.0,20.0,0.0,0.833,0.291,1.0,True,False,False,-1.60212123172947,2.8905662932179874
Phytol,Momordica balsamina Linn,Momordica balsamina Linn,Cucurbitaceae,Leaf,South Africa,5280435,CC(C)CCCC(C)CCCC(C)CCCC(=CCO)C,C20H40O,Antidiabetic / Insulin sensitivity,PPAR-γ,10.3390/cimb48050503,2026,AFRO11_093,Diterpene alcohol,GC-MS,Identified in Ethyl acetate leaf extract,296.54,6.36,1.0,1.0,20.23,13.0,21.0,0.0,0.9,0.392,1.0,True,False,False,-1.7613749627408244,2.640019696468327
Octadecanoic acid,Momordica balsamina Linn,Momordica balsamina Linn,Cucurbitaceae,Leaf,South Africa,5281,CCCCCCCCCCCCCCCCCC(=O)O,C18H36O2,Antidiabetic / Insulin signaling enhancement,PTP1B,10.3390/cimb48050503,2026,AFRO11_094,Saturated fatty acid,GC-MS,Identified in Ethyl acetate leaf extract,284.48,6.33,1.0,1.0,37.3,16.0,20.0,0.0,0.944,0.336,1.0,True,False,False,-1.591328082111742,3.1167878328512133
n-Hexadecenoic acid,Momordica balsamina Linn,Momordica balsamina Linn,Cucurbitaceae,Leaf,South Africa,985,CCCCCCCCCCCCCCCC(=O)O,C16H32O2,Antidiabetic / Enzyme inhibition,"α-Amylase, α-Glucosidase",10.3390/cimb48050503,2026,AFRO11_095,Saturated fatty acid,GC-MS,Identified in DCM and Ethyl acetate leaf extracts,256.43,5.55,1.0,1.0,37.3,14.0,18.0,0.0,0.938,0.413,1.0,True,False,False,-1.6326857340881686,2.541073236589629
Kaempferol,Acacia nilotica,Babul / Gum arabic tree,Mimosoideae,Stem bark,Kenya,5280863,C1=CC(=CC=C1C2=C(C(=O)C3=C(C=C(C=C3O2)O)O)O)O,C15H10O6,"Anti-free radical activity, antidiabetic",Receptor / Antioxidant target,10.3390/molecules28207202,2023,AFRO11_096,Flavonoid,Isolation (Extraction),Isolated from stem bark.,286.24,2.28,4.0,6.0,111.13,1.0,21.0,3.0,0.0,0.546,0.0,True,True,True,-0.20242632701026886,-0.5259591078876286
Methyl gallate,Acacia nilotica,Babul / Gum arabic tree,Mimosoideae,Stem bark,Kenya,7428,COC(=O)C1=CC(=C(C(=C1)O)O)O,C8H8O5,Antidiabetic,Metabolic targets,10.3390/molecules28207202,2023,AFRO11_097,Phenolic acid,Isolation (Extraction),Isolated from stem bark.,184.15,0.59,3.0,5.0,86.99,1.0,13.0,1.0,0.125,0.439,0.0,True,True,False,-0.6500553120084199,-1.0638550290473883
Catechin,Acacia nilotica,Babul / Gum arabic tree,Mimosoideae,Stem bark,Kenya,9064,C1C(C(OC2=CC(=CC(=C21)O)O)C3=CC(=C(C=C3)O)O)O,C15H14O6,Antidiabetic,Cellular metabolic pathways,10.3390/molecules28207202,2023,AFRO11_098,Flavanol,Isolation (Extraction),Isolated from stem bark.,290.27,1.55,5.0,6.0,110.38,1.0,21.0,2.0,0.2,0.51,0.0,True,True,True,0.04268653051138944,-0.6995940312735793
Gallocatechin 5-O-gallate,Acacia nilotica,Babul / Gum arabic tree,Mimosoideae,Stem bark,Kenya,76385903,C1C(C(OC2=C1C(=CC(=C2)O)OC(=O)C3=CC(=C(C(=C3)O)O)O)C4=CC(=C(C(=C4)O)O)O)O,C22H18O11,Antidiabetic,Cellular metabolic pathways,10.3390/molecules28207202,2023,AFRO11_099,Flavanol gallate,Isolation (Extraction),Isolated from stem bark.,458.38,1.88,8.0,11.0,197.37,3.0,33.0,3.0,0.136,0.162,2.0,False,False,True,1.9479270103582464,-0.10486306219848987
Catechin 5-O-gallate,Acacia nilotica,Babul / Gum arabic tree,Mimosoideae,Stem bark,Kenya,15689618,C1C(C(OC2=C1C(=CC(=C2)O)OC(=O)C3=CC(=C(C(=C3)O)O)O)C4=CC(=C(C=C4)O)O)O,C22H18O10,Antidiabetic,Cellular metabolic pathways,10.3390/molecules28207202,2023,AFRO11_100,Flavanol gallate,Isolation (Extraction),Isolated from stem bark.,442.38,2.18,7.0,10.0,177.14,3.0,32.0,3.0,0.136,0.181,1.0,True,False,True,1.5024659163060938,-0.02934091636794366
Gallic acid,Acacia nilotica,Babul / Gum arabic tree,Mimosoideae,Stem bark,Kenya,370,C1=C(C=C(C(=C1O)O)O)C(=O)O,C7H6O5,Antidiabetic,Metabolic pathways,10.3390/molecules28207202,2023,AFRO11_101,Phenolic acid,Isolation (Extraction),Isolated from stem bark.,170.12,0.5,4.0,4.0,97.99,1.0,12.0,1.0,0.0,0.46,0.0,True,True,False,-0.5542349415197182,-1.1269827397927688
1-O-galloyl-β-D-glucose,Acacia nilotica,Babul / Gum arabic tree,Mimosoideae,Stem bark,Kenya,None,,,Antidiabetic,Metabolic pathways,10.3390/molecules28207202,2023,AFRO11_102,Hydrolyzable tannin component,Isolation (Extraction),Isolated from stem bark.,,,,,,,,,,,,,,,,
Digallic acid,Acacia nilotica,Babul / Gum arabic tree,Mimosoideae,Stem bark,Kenya,341,C1=C(C=C(C(=C1O)O)O)C(=O)OC2=CC(=CC(=C2O)O)C(=O)O,C14H10O9,Antidiabetic,Metabolic pathways,10.3390/molecules28207202,2023,AFRO11_103,Phenolic acid derivative,Isolation (Extraction),Isolated from stem bark.,322.23,1.13,6.0,8.0,164.75,3.0,23.0,2.0,0.0,0.276,1.0,True,False,True,0.9055444442749863,-0.45672962488713337
"1,6-di-O-galloyl-β-D-glucose",Acacia nilotica,Babul / Gum arabic tree,Mimosoideae,Stem bark,Kenya,None,,,Antidiabetic,Metabolic pathways,10.3390/molecules28207202,2023,AFRO11_104,Tannin derivative,Isolation (Extraction),Isolated from stem bark.,,,,,,,,,,,,,,,,
Ellagic acid,Acacia nilotica,Babul / Gum arabic tree,Mimosoideae,Stem bark,Kenya,5281855,C1=C2C3=C(C(=C1O)O)OC(=O)C4=CC(=C(C(=C43)OC2=O)O)O,C14H6O8,Antidiabetic,Metabolic targets,10.3390/molecules28207202,2023,AFRO11_105,Polyphenol,Isolation (Extraction),Isolated from stem bark.,302.19,1.31,4.0,8.0,141.34,0.0,22.0,4.0,0.0,0.216,0.0,True,False,True,0.2944549578116445,-0.9234875234714763
(-)-Epigallocatechin-7-gallate,Acacia nilotica,Babul / Gum arabic tree,Mimosoideae,Stem bark,Kenya,N/A,N/A,N/A,Antidiabetic,Metabolic targets,10.3390/molecules28207202,2023,AFRO11_106,Catechin gallate,Isolation (Extraction),Isolated from stem bark.,,,,,,,,,,,,,,,,
"(-)-epigallocatechin-5,7-digallate",Acacia nilotica,Babul / Gum arabic tree,Mimosoideae,Stem bark,Kenya,74977180,C1C(C(OC2=C1C(=CC(=C2)OC(=O)C3=CC(=C(C(=C3)O)O)O)OC(=O)C4=CC(=C(C(=C4)O)O)O)C5=CC(=C(C(=C5)O)O)O)O,C29H22O15,Antidiabetic,Metabolic targets,10.3390/molecules28207202,2023,AFRO11_107,Catechin gallate,Isolation (Extraction),Isolated from stem bark.,610.48,2.51,10.0,15.0,264.13,5.0,44.0,4.0,0.103,0.088,3.0,False,False,False,3.407681344220199,0.5653707064362936
Catechin-7-O-gallate,Acacia nilotica,Babul / Gum arabic tree,Mimosoideae,Stem bark,Kenya,471393,C1C(C(OC2=CC(=CC(=C21)O)OC(=O)C3=CC(=C(C(=C3)O)O)O)C4=CC(=C(C=C4)O)O)O,C22H18O10,Antidiabetic,Metabolic targets,10.3390/molecules28207202,2023,AFRO11_108,Flavanol gallate,Isolation (Extraction),Isolated from stem bark.,442.38,2.18,7.0,10.0,177.14,3.0,32.0,3.0,0.136,0.181,1.0,True,False,True,1.5024659163060938,-0.02934091636794366
Quercetin,Acacia nilotica,Babul / Gum arabic tree,Mimosoideae,Stem bark,Kenya,5280343,C1=CC(=C(C=C1C2=C(C(=O)C3=C(C=C(C=C3O2)O)O)O)O)O,C15H10O7,Antidiabetic,Metabolic targets,10.3390/molecules28207202,2023,AFRO11_109,Flavonoid,Isolation (Extraction),Isolated from stem bark.,302.24,1.99,5.0,7.0,131.36,1.0,22.0,3.0,0.0,0.434,0.0,True,True,True,0.24184569522830912,-0.5992229470082536
Quercetin-3-O-β-glucopyranoside,Acacia nilotica,Babul / Gum arabic tree,Mimosoideae,Stem bark,Kenya,N/A,N/A,N/A,Antidiabetic,Metabolic targets,10.3390/molecules28207202,2023,AFRO11_110,Flavonoid glycoside,Isolation (Extraction),Isolated from stem bark.,,,,,,,,,,,,,,,,
Naringenin,Acacia nilotica,Babul / Gum arabic tree,Mimosoideae,Stem bark,Kenya,439246,C1C(OC2=CC(=CC(=C2C1=O)O)O)C3=CC=C(C=C3)O,C15H12O5,Antidiabetic,Metabolic targets,10.3390/molecules28207202,2023,AFRO11_111,Flavanone,Isolation (Extraction),Isolated from stem bark.,272.26,2.51,3.0,5.0,86.99,1.0,20.0,2.0,0.133,0.742,0.0,True,True,True,-0.6576245207388857,-0.4598001482638867
Naringenin-7-O-β-gluco-pyranoside,Acacia nilotica,Babul / Gum arabic tree,Mimosoideae,Stem bark,Kenya,N/A,N/A,N/A,Antidiabetic,Metabolic targets,10.3390/molecules28207202,2023,AFRO11_112,Flavanone glycoside,Isolation (Extraction),Isolated from stem bark.,,,,,,,,,,,,,,,,
Chalconaringenin-4'-O-β-glucopyranoside,Acacia nilotica,Babul / Gum arabic tree,Mimosoideae,Stem bark,Kenya,11743626,C1=CC(=CC=C1C=CC(=O)C2=C(C=C(C=C2O)OC3C(C(C(C(O3)CO)O)O)O)O)O,C21H22O10,Antidiabetic,Metabolic targets,10.3390/molecules28207202,2023,AFRO11_113,Chalcone glycoside,Isolation (Extraction),Isolated from stem bark.,434.4,-0.12,7.0,10.0,177.14,6.0,31.0,2.0,0.286,0.239,1.0,True,False,True,1.8517128641921374,-0.04623920906881659
Niloticane,Acacia nilotica,Babul / Gum arabic tree,Mimosoideae,Stem bark,Kenya,N/A,N/A,N/A,Kinase inhibitory / Antidiabetic,Protein kinases,10.3390/molecules28207202,2023,AFRO11_114,Cassane diterpene,Isolation (Extraction),Bioactive diterpene.,,,,,,,,,,,,,,,,
Acanilol A,Acacia nilotica,Babul / Gum arabic tree,Mimosoideae,Stem bark,Kenya,None,,,Kinase inhibitory,Kinase enzymes,10.3390/molecules28207202,2023,AFRO11_115,Peltogynoid,Isolation (Extraction),Kinase inhibitor.,,,,,,,,,,,,,,,,
Acanilol B,Acacia nilotica,Babul / Gum arabic tree,Mimosoideae,Stem bark,Kenya,None,,,Kinase inhibitory,Kinase enzymes,10.3390/molecules28207202,2023,AFRO11_116,Peltogynoid,Isolation (Extraction),Kinase inhibitor.,,,,,,,,,,,,,,,,
Lupenone,Acacia nilotica,Babul / Gum arabic tree,Mimosoideae,Stem bark,Kenya,92158,CC(=C)C1CCC2(C1C3CCC4C5(CCC(=O)C(C5CCC4(C3(CC2)C)C)(C)C)C)C,C30H48O,Anti-inflammatory,COX-1 / COX-2,10.3390/molecules28207202,2023,AFRO11_117,Triterpenoid,Isolation (Extraction),Triterpene compound.,424.71,8.23,0.0,1.0,17.07,1.0,31.0,0.0,0.9,0.387,1.0,True,True,False,-2.2169840412180735,1.2575940006176844
Rutin,Acalypha wilkesiana,Copperleaf,Euphorbiaceae,"Leaves, stems, root bark",Kenya,5280805,CC1C(C(C(C(O1)OCC2C(C(C(C(O2)OC3=C(OC4=CC(=CC(=C4C3=O)O)O)C5=CC(=C(C=C5)O)O)O)O)O)O)O)O,C27H30O16,Potentiates IRK / Glucose uptake,IRK / GLUT4,10.3390/molecules28207202,2023,AFRO11_118,Flavonoid glycoside,Isolation (Extraction),Bioactive flavonoid.,610.52,-1.69,10.0,16.0,269.43,6.0,43.0,3.0,0.444,0.14,3.0,False,False,False,4.0678792616282315,-0.2223684219448037
Gallic acid,Acalypha wilkesiana,Copperleaf,Euphorbiaceae,"Leaves, stems, root bark",Kenya,370,C1=C(C=C(C(=C1O)O)O)C(=O)O,C7H6O5,Antidiabetic,Metabolic enzymes,10.3390/molecules28207202,2023,AFRO11_119,Phenolic acid,Isolation (Extraction),Bioactive phenol.,170.12,0.5,4.0,4.0,97.99,1.0,12.0,1.0,0.0,0.46,0.0,True,True,False,-0.5542349415197182,-1.1269827397927688
Corilagin,Acalypha wilkesiana,Copperleaf,Euphorbiaceae,"Leaves, stems, root bark",Kenya,73568,C1C2C(C(C(C(O2)OC(=O)C3=CC(=C(C(=C3)O)O)O)O)OC(=O)C4=CC(=C(C(=C4C5=C(C(=C(C=C5C(=O)O1)O)O)O)O)O)O)O,C27H22O18,Antidiabetic,Metabolic targets,10.3390/molecules28207202,2023,AFRO11_120,Ellagitannin,Isolation (Extraction),Bioactive tannin.,634.46,-0.3,11.0,18.0,310.66,2.0,45.0,3.0,0.222,0.098,3.0,False,False,False,4.426218717127725,-0.6136414352719823
Geraniin,Acalypha wilkesiana,Copperleaf,Euphorbiaceae,"Leaves, stems, root bark",Kenya,3001497,C1C2C3C(C(C(O2)OC(=O)C4=CC(=C(C(=C4)O)O)O)OC(=O)C5=CC(=C(C6=C5C7C(=CC(=O)C(C7(O)O)(O6)O)C(=O)O3)O)O)OC(=O)C8=CC(=C(C(=C8C9=C(C(=C(C=C9C(=O)O1)O)O)O)O)O)O,C41H28O27,Antidiabetic,Metabolic targets,10.3390/molecules28207202,2023,AFRO11_121,Ellagitannin,Isolation (Extraction),Bioactive tannin.,952.65,-1.1,14.0,27.0,450.25,2.0,68.0,4.0,0.22,0.049,3.0,False,False,False,7.478728505404618,-0.39733619682878213
Kaempferol 3-O-rutinoside,Acalypha wilkesiana,Copperleaf,Euphorbiaceae,"Leaves, stems, root bark",Kenya,5318767,CC1C(C(C(C(O1)OCC2C(C(C(C(O2)OC3=C(OC4=CC(=CC(=C4C3=O)O)O)C5=CC=C(C=C5)O)O)O)O)O)O)O,C27H30O15,Antidiabetic,Metabolic targets,10.3390/molecules28207202,2023,AFRO11_122,Flavonoid glycoside,Isolation (Extraction),Bioactive flavonoid.,594.52,-1.39,9.0,15.0,249.2,6.0,42.0,3.0,0.444,0.159,3.0,False,False,False,3.6224181675760785,-0.14684627611425763
S-Methylcysteine sulfoxide,Allium cepa,Onion,Amaryllidaceae,Whole plant,Kenya,182092,CS(=O)CC(C(=O)O)N,C4H9NO3S,"Antidiabetic, blood sugar reduction",Pancreatic β-cells,10.3390/molecules28207202,2023,AFRO11_123,Organosulfur,Isolation (Extraction),Ameliorates diabetes in alloxan-induced rats.,151.19,-1.22,2.0,3.0,80.39,3.0,9.0,0.0,0.75,0.529,0.0,True,True,False,-0.8401068025198729,-1.152651385936349
Alliuocide G,Allium cepa,Onion,Amaryllidaceae,Whole plant,Kenya,163184125,C1=CC(=C(C=C1C23C(C(=O)C4=C(C=C(C=C4O2)O)O)(OC5=C(O3)C=CC(=C5)O)O)O)O,C21H14O10,Inhibition of α-amylase (96.5%),α-Amylase,10.3390/molecules28207202,2023,AFRO11_124,Flavonoid,Isolation (Extraction),Exhibited highest α-amylase inhibition.,426.33,1.8,6.0,10.0,166.14,1.0,31.0,3.0,0.095,0.316,1.0,True,False,True,1.2259114800357587,-0.4673086192894402
"2-(3,4-Dihydroxybenzoyl)-2,4,6-trihydroxy-3(2H)-benzofuranone",Allium cepa,Onion,Amaryllidaceae,Whole plant,Kenya,54378453,C1=CC(=C(C=C1C(=O)C2(C(=O)C3=C(C=C(C=C3O2)O)O)O)O)O,C15H10O8,Inhibition of α-amylase,α-Amylase,10.3390/molecules28207202,2023,AFRO11_125,Benzofuranone,Isolation (Extraction),Active isolated constituent.,318.24,0.66,5.0,8.0,144.52,2.0,23.0,2.0,0.067,0.308,0.0,True,False,True,0.6472416053054785,-0.713051383570847
Luteolin-7-O-D-glucopyranoside,Allium cepa,Onion,Amaryllidaceae,Whole plant,Kenya,5280637,C1=CC(=C(C=C1C2=CC(=O)C3=C(C=C(C=C3O2)OC4C(C(C(C(O4)CO)O)O)O)O)O)O,C21H20O11,Inhibition of α-amylase,α-Amylase,10.3390/molecules28207202,2023,AFRO11_126,Flavonoid glycoside,Isolation (Extraction),Active isolated constituent.,448.38,-0.24,7.0,11.0,190.28,4.0,32.0,3.0,0.286,0.261,2.0,False,False,True,2.0123004548518564,-0.408658078110156
Quercetin,Allium cepa,Onion,Amaryllidaceae,Whole plant,Kenya,5280343,C1=CC(=C(C=C1C2=C(C(=O)C3=C(C=C(C=C3O2)O)O)O)O)O,C15H10O7,Activates AMPK pathway / GLUT1 translocation,AMPK / GLUT1,10.3390/molecules28207202,2023,AFRO11_127,Flavonoid,Isolation (Extraction),Promotes skeletal muscle glucose uptake.,302.24,1.99,5.0,7.0,131.36,1.0,22.0,3.0,0.0,0.434,0.0,True,True,True,0.24184569522830912,-0.5992229470082536
Peonidin 3'-glucoside,Allium cepa,Onion,Amaryllidaceae,Whole plant,Kenya,None,,,Antidiabetic / Antioxidant,Free radicals,10.3390/molecules28207202,2023,AFRO11_128,Anthocyanin,Isolation (Extraction),Pigment constituent.,,,,,,,,,,,,,,,,
Petunidin 3'-glucoside acetate,Allium cepa,Onion,Amaryllidaceae,Whole plant,Kenya,None,,,Antidiabetic / Antioxidant,Free radicals,10.3390/molecules28207202,2023,AFRO11_129,Anthocyanin,Isolation (Extraction),Pigment constituent.,,,,,,,,,,,,,,,,
"Quercetin 3,4'-diglucoside",Allium cepa,Onion,Amaryllidaceae,Whole plant,Kenya,5320835,C1=CC(=C(C=C1C2=C(C(=O)C3=C(C=C(C=C3O2)O)O)OC4C(C(C(C(O4)CO)O)O)O)O)OC5C(C(C(C(O5)CO)O)O)O,C27H30O17,Antidiabetic / Antioxidant,Glucose metabolism targets,10.3390/molecules28207202,2023,AFRO11_130,Flavonoid glycoside,Isolation (Extraction),Major onion flavonol.,626.52,-3.07,11.0,17.0,289.66,7.0,44.0,3.0,0.444,0.124,3.0,False,False,False,4.673677402579709,-0.36913750087315084
"Cyanidin 3,4'-di-O-β-glucopyranoside",Allium cepa,Onion,Amaryllidaceae,Whole plant,Kenya,N/A,N/A,N/A,Antidiabetic / Antioxidant,Free radicals,10.3390/molecules28207202,2023,AFRO11_131,Anthocyanin,Isolation (Extraction),Pigment constituent.,,,,,,,,,,,,,,,,
"Isorhamnetin 3,4'-diglucoside",Allium cepa,Onion,Amaryllidaceae,Whole plant,Kenya,11802256,COC1=C(C=CC(=C1)C2=C(C(=O)C3=C(C=C(C=C3O2)O)O)OC4C(C(C(C(O4)CO)O)O)O)OC5C(C(C(C(O5)CO)O)O)O,C28H32O17,Antidiabetic,Metabolic targets,10.3390/molecules28207202,2023,AFRO11_132,Flavonoid glycoside,Isolation (Extraction),Flavonol derivative.,640.55,-2.76,10.0,17.0,278.66,8.0,45.0,3.0,0.464,0.119,3.0,False,False,False,4.4861850979898446,-0.07513788336568535
Quercetin 7-glucoside,Allium cepa,Onion,Amaryllidaceae,Whole plant,Kenya,5282160,C1=CC(=C(C=C1C2=C(C(=O)C3=C(C=C(C=C3O2)OC4C(C(C(C(O4)CO)O)O)O)O)O)O)O,C21H20O12,Antidiabetic,Metabolic targets,10.3390/molecules28207202,2023,AFRO11_133,Flavonoid glycoside,Isolation (Extraction),Flavonol derivative.,464.38,-0.54,8.0,12.0,210.51,4.0,33.0,3.0,0.286,0.229,2.0,False,False,False,2.457761548904009,-0.48418022394070215
Cyanidin 4'-O-beta-glucoside,Allium cepa,Onion,Amaryllidaceae,Whole plant,Kenya,5316221,C1=CC(=C(C=C1C2=[O+]C3=CC(=CC(=C3C=C2O)O)O)O)OC4C(C(C(C(O4)CO)O)O)O,C21H21O11+,Antidiabetic,Free radicals,10.3390/molecules28207202,2023,AFRO11_134,Anthocyanin,Isolation (Extraction),Pigment constituent.,449.39,0.38,8.0,10.0,191.6,4.0,32.0,3.0,0.286,0.257,1.0,True,False,True,2.0041338671485964,-0.27606832696953737
Malvidin 3'-glucoside,Allium cepa,Onion,Amaryllidaceae,Whole plant,Kenya,None,,,Antidiabetic,Free radicals,10.3390/molecules28207202,2023,AFRO11_135,Anthocyanin,Isolation (Extraction),Pigment constituent.,,,,,,,,,,,,,,,,
Quercetin-3-monoglucoside,Allium cepa,Onion,Amaryllidaceae,Whole plant,Kenya,N/A,N/A,N/A,Antidiabetic,Metabolic targets,10.3390/molecules28207202,2023,AFRO11_136,Flavonoid glycoside,Isolation (Extraction),Flavonol derivative.,,,,,,,,,,,,,,,,
Isoalliin,Allium cepa,Onion,Amaryllidaceae,Whole plant,Kenya,118989467,CC=CS(=O)CC(C(=O)O)N,C6H11NO3S,Antidiabetic,Metabolic targets,10.3390/molecules28207202,2023,AFRO11_137,Organosulfur,Isolation (Extraction),Sulfur-containing compound.,177.22,-0.32,2.0,3.0,80.39,4.0,11.0,0.0,0.5,0.616,0.0,True,True,False,-0.8499957937554635,-0.726395247441528
Methiin,Allium cepa,Onion,Amaryllidaceae,Whole plant,Kenya,9578071,CS(=O)CC(C(=O)O)N,C4H9NO3S,Antidiabetic,Metabolic targets,10.3390/molecules28207202,2023,AFRO11_138,Organosulfur,Isolation (Extraction),Sulfur-containing compound.,151.19,-1.22,2.0,3.0,80.39,3.0,9.0,0.0,0.75,0.529,0.0,True,True,False,-0.8401068025198729,-1.152651385936349
Alliin,Allium cepa,Onion,Amaryllidaceae,Whole plant,Kenya,9576089,C=CCS(=O)CC(C(=O)O)N,C6H11NO3S,Antidiabetic,Metabolic targets,10.3390/molecules28207202,2023,AFRO11_139,Organosulfur,Isolation (Extraction),Sulfur-containing compound.,177.22,-0.67,2.0,3.0,80.39,5.0,11.0,0.0,0.5,0.546,0.0,True,True,False,-0.7764609892470875,-0.6327857907150923
N-(gamma-glutamyl)-S-methyl-L-cysteine,Allium cepa,Onion,Amaryllidaceae,Whole plant,Kenya,13894650,CSCC(C(=O)O)NC(=O)CCC(C(=O)O)N,C9H16N2O5S,Antidiabetic,Metabolic targets,10.3390/molecules28207202,2023,AFRO11_140,Dipeptide / Amino acid derivative,Isolation (Extraction),Sulfur precursor.,264.3,-0.89,4.0,5.0,129.72,8.0,17.0,0.0,0.667,0.447,0.0,True,True,False,0.35546556332431395,-0.0792599162585514
"5-Hydroxy-3,6-dimethoxy-2-methylnaphthalene-1,4-dione",Aloe secundiflora,Aloe,Asphodelaceae,Roots,Kenya,None,,,Antidiabetic / Antimicrobial,Metabolic targets,10.3390/molecules28207202,2023,AFRO11_141,Naphthoquinone,Isolation (Extraction),Root isolate.,,,,,,,,,,,,,,,,
Laccaic acid D,Aloe secundiflora,Aloe,Asphodelaceae,Roots,Kenya,9883304,CC1=C2C(=CC(=C1C(=O)O)O)C(=O)C3=C(C2=O)C(=CC(=C3)O)O,C16H10O7,Antidiabetic / Antioxidant,Metabolic targets,10.3390/molecules28207202,2023,AFRO11_142,Anthraquinone,Isolation (Extraction),Anthraquinone pigment.,314.25,1.59,4.0,6.0,132.13,1.0,23.0,2.0,0.062,0.536,0.0,True,True,True,0.0739698739979142,-0.6412192728802834
"3-Methoxy-2-methylnaphthalene-1,4-dione",Aloe secundiflora,Aloe,Asphodelaceae,Roots,Kenya,79441,CC1=C(C(=O)C2=CC=CC=C2C1=O)OC,C12H10O3,Antidiabetic,Metabolic targets,10.3390/molecules28207202,2023,AFRO11_143,Naphthoquinone,Isolation (Extraction),Root isolate.,202.21,1.99,0.0,3.0,43.37,1.0,15.0,1.0,0.167,0.699,0.0,True,True,False,-1.6820290488624146,-0.6161866739408929
Aloesaponol I,Aloe secundiflora,Aloe,Asphodelaceae,Roots,Kenya,N/A,N/A,N/A,Antidiabetic,Metabolic targets,10.3390/molecules28207202,2023,AFRO11_144,Pre-anthraquinone,Isolation (Extraction),Root isolate.,,,,,,,,,,,,,,,,
Aloesaponol II,Aloe secundiflora,Aloe,Asphodelaceae,Roots,Kenya,N/A,N/A,N/A,Antidiabetic,Metabolic targets,10.3390/molecules28207202,2023,AFRO11_145,Pre-anthraquinone,Isolation (Extraction),Root isolate.,,,,,,,,,,,,,,,,
Chrysophanol,Aloe secundiflora,Aloe,Asphodelaceae,Roots,Kenya,10208,CC1=CC2=C(C(=C1)O)C(=O)C3=C(C2=O)C=CC=C3O,C15H10O4,Antidiabetic,Metabolic targets,10.3390/molecules28207202,2023,AFRO11_146,Anthraquinone,Isolation (Extraction),Active anthraquinone.,254.24,2.18,2.0,4.0,74.6,0.0,19.0,2.0,0.067,0.644,0.0,True,True,False,-1.0187914199509984,-0.7081964685991489
Ancistroquinone C,Aloe secundiflora,Aloe,Asphodelaceae,Roots,Kenya,N/A,N/A,N/A,Antidiabetic,Metabolic targets,10.3390/molecules28207202,2023,AFRO11_147,Anthraquinone,Isolation (Extraction),Root isolate.,,,,,,,,,,,,,,,,
Helminthosporin,Aloe secundiflora,Aloe,Asphodelaceae,Roots,Kenya,97560,CC1=CC2=C(C(=C1)O)C(=O)C3=C(C=CC(=C3C2=O)O)O,C15H10O5,Antidiabetic,Metabolic targets,10.3390/molecules28207202,2023,AFRO11_148,Anthraquinone,Isolation (Extraction),Root isolate.,270.24,1.89,3.0,5.0,94.83,0.0,20.0,2.0,0.067,0.542,0.0,True,True,True,-0.5745193977124207,-0.7814603077197739
Aloesaponarin I,Aloe secundiflora,Aloe,Asphodelaceae,Roots,Kenya,11098986,CC1=C2C(=CC(=C1C(=O)OC)O)C(=O)C3=C(C2=O)C(=CC=C3)O,C17H12O6,Antidiabetic,Metabolic targets,10.3390/molecules28207202,2023,AFRO11_149,Anthraquinone,Isolation (Extraction),Root isolate.,312.28,1.97,2.0,6.0,100.9,1.0,23.0,2.0,0.118,0.666,0.0,True,True,True,-0.46612251872936544,-0.5048277230142776
Aloesaponarin II,Aloe secundiflora,Aloe,Asphodelaceae,Roots,Kenya,3085033,CC1=CC(=CC2=C1C(=O)C3=C(C2=O)C=CC=C3O)O,C15H10O4,Antidiabetic,Metabolic targets,10.3390/molecules28207202,2023,AFRO11_150,Anthraquinone,Isolation (Extraction),Root isolate.,254.24,2.18,2.0,4.0,74.6,0.0,19.0,2.0,0.067,0.644,0.0,True,True,False,-1.0187914199509984,-0.7081964685991489
Isoxanthorin,Aloe secundiflora,Aloe,Asphodelaceae,Roots,Kenya,N/A,N/A,N/A,Antidiabetic,Metabolic targets,10.3390/molecules28207202,2023,AFRO11_151,Anthraquinone,Isolation (Extraction),Root isolate.,,,,,,,,,,,,,,,,
Asphodelin,Aloe secundiflora,Aloe,Asphodelaceae,Roots,Kenya,182665,CC1=CC2=C(C(=C1)O)C(=O)C3=C(C2=O)C=CC(=C3O)C4=C5C(=C(C=C4C)O)C(=O)C6=C(C5=O)C=CC=C6O,C30H18O8,Antidiabetic,Metabolic targets,10.3390/molecules28207202,2023,AFRO11_152,Bianthraquinoid,Isolation (Extraction),Dimeric anthraquinone.,506.47,4.34,4.0,8.0,149.2,1.0,38.0,4.0,0.067,0.257,1.0,True,False,False,0.5243230900782246,0.3235352399679101
Hydroxyacetophenone,Carissa edulis,Natal plum,Apocynaceae,"Roots, fruits, leaves",Kenya,7469,CC(=O)C1=CC=C(C=C1)O,C8H8O2,Antidiabetic,Metabolic targets,10.3390/molecules28207202,2023,AFRO11_153,Phenone,Isolation (Extraction),Isolated from C. edulis.,136.15,1.59,1.0,2.0,37.3,1.0,10.0,1.0,0.125,0.595,0.0,True,True,False,-1.7806330812475744,-0.8389046243771549
Catalponol,Carissa edulis,Natal plum,Apocynaceae,"Roots, fruits, leaves",Kenya,169570,CC(=CCC1CC(C2=CC=CC=C2C1=O)O)C,C15H18O2,Antidiabetic,Metabolic targets,10.3390/molecules28207202,2023,AFRO11_154,Iridoid,Isolation (Extraction),Root isolate.,230.31,3.28,1.0,2.0,37.3,2.0,17.0,1.0,0.4,0.792,0.0,True,True,False,-1.7137799279177377,-0.10243611248258905
Carissone,Carissa edulis,Natal plum,Apocynaceae,"Roots, fruits, leaves",Kenya,11770473,CC1=C2CC(CCC2(CCC1=O)C)C(C)(C)O,C15H24O2,Antidiabetic,Metabolic targets,10.3390/molecules28207202,2023,AFRO11_155,Eudesmane sesquiterpene,Isolation (Extraction),Bioactive sesquiterpene.,236.35,3.24,1.0,2.0,37.3,1.0,17.0,0.0,0.8,0.759,0.0,True,True,False,-1.7258095643146325,-0.27243438330122166
Vanillin,Carissa edulis,Natal plum,Apocynaceae,"Roots, fruits, leaves",Kenya,1183,COC1=C(C=CC(=C1)C=O)O,C8H8O3,Antidiabetic / Antioxidant,Free radicals,10.3390/molecules28207202,2023,AFRO11_156,Phenolic aldehyde,Isolation (Extraction),Phenolic aldehyde.,152.15,1.21,1.0,3.0,46.53,2.0,11.0,1.0,0.125,0.648,0.0,True,True,False,-1.5114383527066104,-0.7356439323927817
Coniferaldehyde,Carissa edulis,Natal plum,Apocynaceae,"Roots, fruits, leaves",Kenya,5280536,COC1=C(C=CC(=C1)C=CC=O)O,C10H10O3,Antidiabetic,Metabolic targets,10.3390/molecules28207202,2023,AFRO11_157,Phenylpropanoid,Isolation (Extraction),Phenolic isolate.,178.19,1.61,1.0,3.0,46.53,3.0,13.0,1.0,0.1,0.565,0.0,True,True,False,-1.4618487013307173,-0.4222837831231604
(-)-Nortrachelogenin,Carissa edulis,Natal plum,Apocynaceae,"Roots, fruits, leaves",Kenya,394846,COC1=C(C=CC(=C1)CC2COC(=O)C2(CC3=CC(=C(C=C3)O)OC)O)O,C20H22O7,Antidiabetic,Metabolic targets,10.3390/molecules28207202,2023,AFRO11_158,Lignan,Isolation (Extraction),Lignan isolate.,374.39,1.8,3.0,7.0,105.45,6.0,27.0,2.0,0.35,0.662,0.0,True,True,True,0.14626065476313888,0.4116387414619019
Scopoletin,Carissa edulis,Natal plum,Apocynaceae,"Roots, fruits, leaves",Kenya,5280460,COC1=C(C=C2C(=C1)C=CC(=O)O2)O,C10H8O4,Antidiabetic,Metabolic targets,10.3390/molecules28207202,2023,AFRO11_159,Coumarin,Isolation (Extraction),Bioactive coumarin.,192.17,1.51,1.0,4.0,59.67,1.0,14.0,2.0,0.1,0.695,0.0,True,True,False,-1.303639254298148,-0.7801860387446578
Isofraxidin,Carissa edulis,Natal plum,Apocynaceae,"Roots, fruits, leaves",Kenya,5318565,COC1=C(C(=C2C(=C1)C=CC(=O)O2)OC)O,C11H10O5,Antidiabetic,Metabolic targets,10.3390/molecules28207202,2023,AFRO11_160,Coumarin,Isolation (Extraction),Bioactive coumarin.,222.2,1.52,1.0,5.0,68.9,2.0,16.0,2.0,0.182,0.78,0.0,True,True,False,-1.0456704648358586,-0.5617085670677389
(+)-Lariciresinol,Carissa edulis,Natal plum,Apocynaceae,"Roots, fruits, leaves",Kenya,332427,COC1=C(C=CC(=C1)CC2COC(C2CO)C3=CC(=C(C=C3)O)OC)O,C20H24O6,Antidiabetic,Metabolic targets,10.3390/molecules28207202,2023,AFRO11_161,Lignan,Isolation (Extraction),Lignan isolate.,360.41,2.65,3.0,6.0,88.38,6.0,26.0,2.0,0.4,0.734,0.0,True,True,True,-0.18820311960067046,0.5961636082846004
Carissanol,Carissa edulis,Natal plum,Apocynaceae,"Roots, fruits, leaves",Kenya,340931,COC1=C(C=CC(=C1)CC2COC(C2(CC3=CC(=C(C=C3)O)OC)O)O)O,C20H24O7,Antidiabetic,Metabolic targets,10.3390/molecules28207202,2023,AFRO11_162,Lignan,Isolation (Extraction),Lignan isolate.,376.41,1.6,4.0,7.0,108.61,6.0,27.0,2.0,0.4,0.606,0.0,True,True,True,0.3464383604695799,0.3512684592099758
Carinol,Carissa edulis,Natal plum,Apocynaceae,"Roots, fruits, leaves",Kenya,586373,COC1=C(C=CC(=C1)CC(CO)C(CC2=CC(=C(C=C2)O)OC)(CO)O)O,C20H26O7,Antidiabetic,Metabolic targets,10.3390/molecules28207202,2023,AFRO11_163,Lignan,Isolation (Extraction),Lignan isolate.,378.42,1.23,5.0,7.0,119.61,9.0,27.0,2.0,0.4,0.445,0.0,True,True,True,0.7089175602077885,0.7653511861845889
Lupeol,Carissa edulis,Natal plum,Apocynaceae,"Roots, fruits, leaves",Kenya,259846,CC(=C)C1CCC2(C1C3CCC4C5(CCC(C(C5CCC4(C3(CC2)C)C)(C)C)O)C)C,C30H50O,Antidiabetic / Cytotoxic,Metabolic pathways,10.3390/molecules28207202,2023,AFRO11_164,Pentacyclic triterpenoid,Isolation (Extraction),Bioactive triterpene.,426.73,8.02,1.0,1.0,20.23,1.0,31.0,0.0,0.933,0.421,1.0,True,True,False,-2.015617263698058,1.1949654116558368
Oleuropein,Carissa edulis,Natal plum,Apocynaceae,"Roots, fruits, leaves",Kenya,5281544,CC=C1C(C(=COC1OC2C(C(C(C(O2)CO)O)O)O)C(=O)OC)CC(=O)OCCC3=CC(=C(C=C3)O)O,C25H32O13,Antidiabetic,Metabolic targets,10.3390/molecules28207202,2023,AFRO11_165,Secoiridoid glucoside,Isolation (Extraction),Bioactive glycoside.,540.52,-0.63,6.0,13.0,201.67,9.0,38.0,1.0,0.52,0.131,3.0,False,False,False,2.558651579694037,0.537368810567915
Carissol,Carissa edulis,Natal plum,Apocynaceae,"Roots, fruits, leaves",Kenya,None,,,Antidiabetic,Metabolic targets,10.3390/molecules28207202,2023,AFRO11_166,Triterpenoid,Isolation (Extraction),Triterpene isolate.,,,,,,,,,,,,,,,,
3-O-acetyl chlorogenic acid,Carissa edulis,Natal plum,Apocynaceae,"Roots, fruits, leaves",Kenya,None,,,Antidiabetic,Metabolic targets,10.3390/molecules28207202,2023,AFRO11_167,Phenolic acid derivative,Isolation (Extraction),Chlorogenic acid derivative.,,,,,,,,,,,,,,,,
Kaempferol 3-O-β-D-glucopyranoside,Carissa edulis,Natal plum,Apocynaceae,"Roots, fruits, leaves",Kenya,N/A,N/A,N/A,Antidiabetic,Metabolic targets,10.3390/molecules28207202,2023,AFRO11_168,Flavonoid glycoside,Isolation (Extraction),Flavonol glycoside.,,,,,,,,,,,,,,,,
Quercetin-3-O-β-D-glucopyranoside,Carissa edulis,Natal plum,Apocynaceae,"Roots, fruits, leaves",Kenya,N/A,N/A,N/A,Antidiabetic,Metabolic targets,10.3390/molecules28207202,2023,AFRO11_169,Flavonoid glycoside,Isolation (Extraction),Flavonol glycoside.,,,,,,,,,,,,,,,,
Rhamnetin-3-O-β-D-glucopyranoside,Carissa edulis,Natal plum,Apocynaceae,"Roots, fruits, leaves",Kenya,14704553,COC1=CC(=C2C(=C1)OC(=C(C2=O)OC3C(C(C(C(O3)CO)O)O)O)C4=CC(=C(C=C4)O)O)O,C22H22O12,Antidiabetic,Metabolic targets,10.3390/molecules28207202,2023,AFRO11_170,Flavonoid glycoside,Isolation (Extraction),Flavonol glycoside.,478.41,-0.24,7.0,12.0,199.51,5.0,34.0,3.0,0.318,0.238,2.0,False,False,True,2.2714583161277204,-0.192438913143158
Isorhamnetin-3-O-β-D-glucopyranoside,Carissa edulis,Natal plum,Apocynaceae,"Roots, fruits, leaves",Kenya,13245586,COC1=C(C=CC(=C1)C2=C(C(=O)C3=C(C=C(C=C3O2)O)O)OC4C(C(C(C(O4)CO)O)O)O)O,C22H22O12,Antidiabetic,Metabolic targets,10.3390/molecules28207202,2023,AFRO11_171,Flavonoid glycoside,Isolation (Extraction),Flavonol glycoside.,478.41,-0.24,7.0,12.0,199.51,5.0,34.0,3.0,0.318,0.254,2.0,False,False,True,2.2714583161277204,-0.192438913143158
(+)-Butyl-O-α-L-rhamnoside,Carissa edulis,Natal plum,Apocynaceae,"Roots, fruits, leaves",Kenya,13059942,CCCCOC1C(C(C(C(O1)C)O)O)O,C10H20O5,Antidiabetic,Metabolic targets,10.3390/molecules28207202,2023,AFRO11_172,Glycoside,Isolation (Extraction),Glycosidic derivative.,220.26,-0.37,3.0,5.0,79.15,4.0,15.0,0.0,1.0,0.563,0.0,True,True,False,-0.39605046767277335,-0.6877555092765605
Peonidin-3-rutinoside,Carissa edulis,Natal plum,Apocynaceae,"Roots, fruits, leaves",Kenya,90470731,CC1C(C(C(C(O1)OCC2C(C(C(C(O2)OC3=CC4=C(C=C(C=C4[O+]=C3C5=CC(=C(C=C5)O)OC)O)O)O)O)O)O)O)O.[Cl-],C28H33ClO15,Antidiabetic,Metabolic targets,10.3390/molecules28207202,2023,AFRO11_173,Anthocyanin,Isolation (Extraction),Fruit anthocyanin.,645.01,-3.46,9.0,14.0,239.52,7.0,44.0,3.0,0.464,0.114,3.0,False,False,False,3.872289920960379,-0.3291663902714686
"Malvidin-3-O-β-D-(6""-acetylglucoside)",Carissa edulis,Natal plum,Apocynaceae,"Roots, fruits, leaves",Kenya,None,,,α-Glucosidase inhibition,α-Glucosidase,10.3390/molecules28207202,2023,AFRO11_174,Anthocyanin,Isolation (Extraction),Active fruit component.,,,,,,,,,,,,,,,,
Carissaeduloside A,Carissa edulis,Natal plum,Apocynaceae,"Roots, fruits, leaves",Kenya,None,,,Cytotoxicity / Antidiabetic,Cancer cells / Metabolic targets,10.3390/molecules28207202,2023,AFRO11_175,Lignan glycoside,Isolation (Extraction),Root bark glycoside.,,,,,,,,,,,,,,,,
Carissaeduloside B,Carissa edulis,Natal plum,Apocynaceae,"Roots, fruits, leaves",Kenya,None,,,Cytotoxicity / Antidiabetic,Cancer cells / Metabolic targets,10.3390/molecules28207202,2023,AFRO11_176,Lignan glycoside,Isolation (Extraction),Root bark glycoside.,,,,,,,,,,,,,,,,
Carissaeduloside C,Carissa edulis,Natal plum,Apocynaceae,"Roots, fruits, leaves",Kenya,None,,,Cytotoxicity / Antidiabetic,Cancer cells / Metabolic targets,10.3390/molecules28207202,2023,AFRO11_177,Lignan glycoside,Isolation (Extraction),Root bark glycoside.,,,,,,,,,,,,,,,,
Carissaeduloside D,Carissa edulis,Natal plum,Apocynaceae,"Roots, fruits, leaves",Kenya,None,,,Cytotoxicity / Antidiabetic,Cancer cells / Metabolic targets,10.3390/molecules28207202,2023,AFRO11_178,Lignan glycoside,Isolation (Extraction),Root bark glycoside.,,,,,,,,,,,,,,,,
Carissaeduloside E,Carissa edulis,Natal plum,Apocynaceae,"Roots, fruits, leaves",Kenya,None,,,Cytotoxicity / Antidiabetic,Cancer cells / Metabolic targets,10.3390/molecules28207202,2023,AFRO11_179,Lignan glycoside,Isolation (Extraction),Root bark glycoside.,,,,,,,,,,,,,,,,
Carissaeduloside F,Carissa edulis,Natal plum,Apocynaceae,"Roots, fruits, leaves",Kenya,None,,,Cytotoxicity / Antidiabetic,Cancer cells / Metabolic targets,10.3390/molecules28207202,2023,AFRO11_180,Lignan glycoside,Isolation (Extraction),Root bark glycoside.,,,,,,,,,,,,,,,,
Carissaeduloside G,Carissa edulis,Natal plum,Apocynaceae,"Roots, fruits, leaves",Kenya,None,,,Cytotoxicity / Antidiabetic,Cancer cells / Metabolic targets,10.3390/molecules28207202,2023,AFRO11_181,Lignan glycoside,Isolation (Extraction),Root bark glycoside.,,,,,,,,,,,,,,,,
Carissaeduloside H,Carissa edulis,Natal plum,Apocynaceae,"Roots, fruits, leaves",Kenya,None,,,Cytotoxicity / Antidiabetic,Cancer cells / Metabolic targets,10.3390/molecules28207202,2023,AFRO11_182,Lignan glycoside,Isolation (Extraction),Root bark glycoside.,,,,,,,,,,,,,,,,
Carissaeduloside I,Carissa edulis,Natal plum,Apocynaceae,"Roots, fruits, leaves",Kenya,None,,,Cytotoxicity / Antidiabetic,Cancer cells / Metabolic targets,10.3390/molecules28207202,2023,AFRO11_183,Lignan glycoside,Isolation (Extraction),Root bark glycoside.,,,,,,,,,,,,,,,,
Carissaeduloside J,Carissa edulis,Natal plum,Apocynaceae,"Roots, fruits, leaves",Kenya,None,,,Cytotoxicity / Antidiabetic,Cancer cells / Metabolic targets,10.3390/molecules28207202,2023,AFRO11_184,Lignan glycoside,Isolation (Extraction),Root bark glycoside.,,,,,,,,,,,,,,,,
Sarhamnoloside,Carissa edulis,Natal plum,Apocynaceae,"Roots, fruits, leaves",Kenya,None,,,nan,Metabolic targets,10.3390/molecules28207202,2023,AFRO11_185,Glycoside,Isolation (Extraction),Root bark glycoside.,,,,,,,,,,,,,,,,
(-)-Lyoniresinol 9-O-β-D-glucopyranoside,Carissa edulis,Natal plum,Apocynaceae,"Roots, fruits, leaves",Kenya,N/A,N/A,N/A,Antidiabetic,Metabolic targets,10.3390/molecules28207202,2023,AFRO11_186,Lignan glycoside,Isolation (Extraction),Root bark isolate.,,,,,,,,,,,,,,,,
Khaephuoside A,Carissa edulis,Natal plum,Apocynaceae,"Roots, fruits, leaves",Kenya,None,,,Antidiabetic,Metabolic targets,10.3390/molecules28207202,2023,AFRO11_187,Lignan glycoside,Isolation (Extraction),Root bark isolate.,,,,,,,,,,,,,,,,
(-)-Lyoniresinol 9'-O-D-glucopyranoside,Carissa edulis,Natal plum,Apocynaceae,"Roots, fruits, leaves",Kenya,N/A,N/A,N/A,Antidiabetic,Metabolic targets,10.3390/molecules28207202,2023,AFRO11_188,Lignan glycoside,Isolation (Extraction),Root bark isolate.,,,,,,,,,,,,,,,,
Guaiacylglycerol,Carissa edulis,Natal plum,Apocynaceae,"Roots, fruits, leaves",Kenya,14579,COC1=C(C=CC(=C1)C(C(CO)O)O)O,C10H14O5,Antidiabetic,Metabolic targets,10.3390/molecules28207202,2023,AFRO11_189,Phenylpropanoid,Isolation (Extraction),Root bark isolate.,214.22,-0.21,4.0,5.0,90.15,4.0,15.0,1.0,0.4,0.556,0.0,True,True,False,-0.2125107530189883,-0.687506849433163
(+)-1-Acetoxypinoresinol 4'-β-D-glucoside,Carissa edulis,Natal plum,Apocynaceae,"Roots, fruits, leaves",Kenya,N/A,N/A,N/A,Antidiabetic,Metabolic targets,10.3390/molecules28207202,2023,AFRO11_190,Lignan glycoside,Isolation (Extraction),Root bark isolate.,,,,,,,,,,,,,,,,
"Acetoxypinoresinol-4'-β-D-glucoside 4""-O-methyl ether",Carissa edulis,Natal plum,Apocynaceae,"Roots, fruits, leaves",Kenya,N/A,N/A,N/A,Antidiabetic,Metabolic targets,10.3390/molecules28207202,2023,AFRO11_191,Lignan glycoside,Isolation (Extraction),Root bark isolate.,,,,,,,,,,,,,,,,
1-(1-Hydroxyethyl)-2-(6-(1-hydroxyethyl)phenoxy)benzene,Carissa edulis,Natal plum,Apocynaceae,"Roots, fruits, leaves",Kenya,18508382,CC(C1=CC=CC=C1OC2=CC=CC=C2C(C)O)O,C16H18O3,Antidiabetic,Metabolic targets,10.3390/molecules28207202,2023,AFRO11_192,Diphenyl ether,Isolation (Extraction),Root bark isolate.,258.32,3.59,2.0,3.0,49.69,4.0,19.0,2.0,0.25,0.881,0.0,True,True,False,-1.293290713226191,0.3334207105878428
Markhamioside F,Carissa edulis,Natal plum,Apocynaceae,"Roots, fruits, leaves",Kenya,None,,,Antidiabetic,Metabolic targets,10.3390/molecules28207202,2023,AFRO11_193,Phenylethanoid glycoside,Isolation (Extraction),Root bark isolate.,,,,,,,,,,,,,,,,
"3,4-Dimethoxyphenyl-2-O-β-D-apiofuranosyl-(1→2)-β-D-glucopyranoside",Carissa edulis,Natal plum,Apocynaceae,"Roots, fruits, leaves",Kenya,163040208,COC1=C(C=C(C=C1)OC2C(C(C(C(O2)CO)O)O)OC3C(C(CO3)(CO)O)O)OC,C19H28O12,Antidiabetic,Metabolic targets,10.3390/molecules28207202,2023,AFRO11_194,Phenolic glycoside,Isolation (Extraction),Root bark isolate.,448.42,-2.65,6.0,12.0,176.76,8.0,31.0,1.0,0.684,0.244,2.0,False,False,False,2.2914679741020816,-0.24493660267275294
Dovyalicin A,Dovyalis abyssinica,African apricot,Salicaceae,"Leaves, twigs, roots",Kenya,N/A,N/A,N/A,Antidiabetic,Cellular targets,10.3390/molecules28207202,2023,AFRO11_195,Spermidine alkaloid,Isolation (Extraction),Leaf and twig alkaloid.,,,,,,,,,,,,,,,,
Dovyalicin B,Dovyalis abyssinica,African apricot,Salicaceae,"Leaves, twigs, roots",Kenya,N/A,N/A,N/A,Antidiabetic,Cellular targets,10.3390/molecules28207202,2023,AFRO11_196,Spermidine alkaloid,Isolation (Extraction),Leaf and twig alkaloid.,,,,,,,,,,,,,,,,
Dovyalicin E,Dovyalis abyssinica,African apricot,Salicaceae,"Leaves, twigs, roots",Kenya,16086546,C1CNC(CC(=O)N(C1)CCCCNC(=O)C2=CC=CC=C2)C3=CC=CC=C3,C23H29N3O2,Antidiabetic,Cellular targets,10.3390/molecules28207202,2023,AFRO11_197,Spermidine alkaloid,Isolation (Extraction),Leaf and twig alkaloid.,379.5,3.15,2.0,3.0,61.44,7.0,28.0,2.0,0.391,0.727,0.0,True,True,True,-0.772158814421837,0.9788198810537242
N-(4-Benzoylaminobutyl)-N-(3-dimethylaminopropyl)-3-phenylpropenamide,Dovyalis abyssinica,African apricot,Salicaceae,"Leaves, twigs, roots",Kenya,16086548,CN(C)CCCN(CCCCNC(=O)C1=CC=CC=C1)C(=O)C=CC2=CC=CC=C2,C25H33N3O2,Antidiabetic,Cellular targets,10.3390/molecules28207202,2023,AFRO11_198,Spermidine alkaloid,Isolation (Extraction),Alkaloid isolate.,407.56,3.69,1.0,3.0,52.65,12.0,30.0,2.0,0.36,0.431,0.0,True,False,True,-0.8111143011907567,2.041070172726361
Methyl 1-hydroxy-6-oxocyclohex-2-enecarboxylate,Dovyalis abyssinica,African apricot,Salicaceae,"Leaves, twigs, roots",Kenya,23649674,COC(=O)C1(C=CCCC1=O)O,C8H10O4,Antidiabetic,Metabolic targets,10.3390/molecules28207202,2023,AFRO11_199,Cyclohexene derivative,Isolation (Extraction),Plant isolate.,170.16,-0.19,1.0,4.0,63.6,1.0,12.0,0.0,0.5,0.336,0.0,True,True,False,-1.1333969907304955,-1.2092293126813765
4-Hydroxy-2-(1-hydroxy-6-oxocyclohex-2-enecarbonyloxymethyl)phenyl 2-O-benzoyl-α-D-glucopyranoside,Dovyalis abyssinica,African apricot,Salicaceae,"Leaves, twigs, roots",Kenya,73238325,C1CC(=O)C(C=C1)(C(=O)OCC2=C(C=CC(=C2)O)OC3C(C(C(C(O3)CO)O)O)OC(=O)C4=CC=CC=C4)O,C27H28O12,Antidiabetic,Metabolic targets,10.3390/molecules28207202,2023,AFRO11_200,Phenolic glucoside,Isolation (Extraction),Plant isolate.,544.51,0.13,5.0,12.0,189.28,8.0,39.0,2.0,0.37,0.172,2.0,False,False,False,2.1230151567889393,0.5777090637597206
trans-2-[3-O-Acetyl-4-O-[(E)-4-hydroxycinnamoyl-α-D-glucopyranosyloxy] cyclohexanol,Dovyalis abyssinica,African apricot,Salicaceae,"Leaves, twigs, roots",Kenya,None,,,Antidiabetic,Metabolic targets,10.3390/molecules28207202,2023,AFRO11_201,Cyclohexanol glucoside,Isolation (Extraction),Plant isolate.,,,,,,,,,,,,,,,,
Benzoic acid,Dovyalis abyssinica,African apricot,Salicaceae,"Leaves, twigs, roots",Kenya,243,C1=CC=C(C=C1)C(=O)O,C7H6O2,Antidiabetic,Metabolic targets,10.3390/molecules28207202,2023,AFRO11_202,Aromatic carboxylic acid,Isolation (Extraction),Plant isolate.,122.12,1.38,1.0,1.0,37.3,1.0,9.0,1.0,0.0,0.611,0.0,True,True,False,-1.8882400800490267,-0.9049329157209726
Tremulacin,Dovyalis abyssinica,African apricot,Salicaceae,"Leaves, twigs, roots",Kenya,442544,C1CC(=O)C(C=C1)(C(=O)OCC2=CC=CC=C2OC3C(C(C(C(O3)CO)O)O)OC(=O)C4=CC=CC=C4)O,C27H28O11,Antidiabetic,Metabolic targets,10.3390/molecules28207202,2023,AFRO11_203,Phenolic glucoside,Isolation (Extraction),Bioactive glucoside.,528.51,0.42,4.0,11.0,169.05,8.0,38.0,2.0,0.37,0.213,2.0,False,False,False,1.6787431345503614,0.6509729028803458
Betulinic acid,Dovyalis abyssinica,African apricot,Salicaceae,"Leaves, twigs, roots",Kenya,64971,CC(=C)C1CCC2(C1C3CCC4C5(CCC(C(C5CCC4(C3(CC2)C)C)(C)C)O)C)C(=O)O,C30H48O3,Antidiabetic,Metabolic targets,10.3390/molecules28207202,2023,AFRO11_204,Lupane triterpenoid,Isolation (Extraction),Active triterpene.,456.71,7.09,2.0,2.0,57.53,2.0,33.0,0.0,0.9,0.436,1.0,True,True,False,-1.3273643293832575,1.1657903057646768
Dihydrooroxylin A,Dracaena steudneri,Dragon tree,Asparagaceae,"Leaves, fruits",Kenya,177032,COC1=C(C2=C(C=C1O)OC(CC2=O)C3=CC=CC=C3)O,C16H14O5,Inhibition of proinflammatory cytokines,Proinflammatory cytokines,10.3390/molecules28207202,2023,AFRO11_205,Flavanone,Isolation (Extraction),Leaf isolate.,286.28,2.81,2.0,5.0,75.99,2.0,21.0,2.0,0.188,0.887,0.0,True,True,True,-0.8439528054479258,-0.16807818373719483
7-Hydroxy-6-methoxyflavanone,Dracaena steudneri,Dragon tree,Asparagaceae,"Leaves, fruits",Kenya,86206540,COC1=C(C=C2C(=C1)C(=O)CC(O2)C3=CC=CC=C3)O,C16H14O4,Inhibition of proinflammatory cytokines,Proinflammatory cytokines,10.3390/molecules28207202,2023,AFRO11_206,Flavanone,Isolation (Extraction),Leaf isolate.,270.28,3.11,1.0,4.0,55.76,2.0,20.0,2.0,0.188,0.911,0.0,True,True,True,-1.2894138995000783,-0.09255603790664874
"4',5,7-Trihydroxy-6-methylflavanone",Dracaena steudneri,Dragon tree,Asparagaceae,"Leaves, fruits",Kenya,301798,CC1=C(C2=C(C=C1O)OC(CC2=O)C3=CC=C(C=C3)O)O,C16H14O5,Inhibition of proinflammatory cytokines,Proinflammatory cytokines,10.3390/molecules28207202,2023,AFRO11_207,Flavanone,Isolation (Extraction),Leaf isolate.,286.28,2.82,3.0,5.0,86.99,1.0,21.0,2.0,0.188,0.75,0.0,True,True,True,-0.6593629372417148,-0.36266916852156156
Methylquercetin,Dracaena steudneri,Dragon tree,Asparagaceae,"Leaves, fruits",Kenya,5281679,CC1=C(C2=C(C=C1O)OC(=C(C2=O)O)C3=CC(=C(C=C3)O)O)O,C16H12O7,Antidiabetic / Anti-inflammatory,Cytokines / Metabolic targets,10.3390/molecules28207202,2023,AFRO11_208,Flavonoid,Isolation (Extraction),Leaf isolate.,316.26,2.3,5.0,7.0,131.36,1.0,23.0,3.0,0.062,0.435,0.0,True,True,True,0.24010727872548,-0.5020919672659285
"3,3'-Di-O-methylquercetin",Dracaena steudneri,Dragon tree,Asparagaceae,"Leaves, fruits",Kenya,5316900,COC1=C(C=CC(=C1)C2=C(C(=O)C3=C(C=C(C=C3O2)O)O)OC)O,C17H14O7,Antidiabetic / Cytotoxic,Cancer cell lines / Targets,10.3390/molecules28207202,2023,AFRO11_209,Flavonoid,Isolation (Extraction),Bioactive seed isolate.,330.29,2.59,3.0,7.0,109.36,3.0,24.0,3.0,0.118,0.677,0.0,True,True,True,-0.1307858222570195,-0.01575967168401775
Kaempferol-3-methyl ether,Dracaena steudneri,Dragon tree,Asparagaceae,"Leaves, fruits",Kenya,5280862,COC1=C(OC2=CC(=CC(=C2C1=O)O)O)C3=CC=C(C=C3)O,C16H12O6,Antidiabetic,Metabolic targets,10.3390/molecules28207202,2023,AFRO11_210,Flavonoid,Isolation (Extraction),Leaf isolate.,300.27,2.59,3.0,6.0,100.13,2.0,22.0,3.0,0.062,0.672,0.0,True,True,True,-0.389918631600132,-0.2319594903801635
Jaceidin,Dracaena steudneri,Dragon tree,Asparagaceae,"Leaves, fruits",Kenya,5464461,COC1=C(C=CC(=C1)C2=C(C(=O)C3=C(O2)C=C(C(=C3O)OC)O)OC)O,C18H16O8,Antidiabetic,Metabolic targets,10.3390/molecules28207202,2023,AFRO11_211,Flavone,Isolation (Extraction),Leaf isolate.,360.32,2.6,3.0,8.0,118.59,4.0,26.0,3.0,0.167,0.65,0.0,True,True,True,0.12718296720526998,0.20271779999290115
7-Hydroxy-6-methoxyflavone,Dracaena steudneri,Dragon tree,Asparagaceae,"Leaves, fruits",Kenya,14376438,COC1=C(C=C2C(=C1)C(=O)C=C(O2)C3=CC=CC=C3)O,C16H12O4,Antidiabetic,Metabolic targets,10.3390/molecules28207202,2023,AFRO11_212,Flavone,Isolation (Extraction),Leaf isolate.,268.27,3.17,1.0,4.0,59.67,2.0,20.0,3.0,0.062,0.775,0.0,True,True,True,-1.278462676077288,-0.08543181213891332
"6,8-Dimethylchrysin",Dracaena steudneri,Dragon tree,Asparagaceae,"Leaves, fruits",Kenya,10401497,CC1=C(C(=C2C(=C1O)C(=O)C=C(O2)C3=CC=CC=C3)C)O,C17H14O4,Antidiabetic,Metabolic targets,10.3390/molecules28207202,2023,AFRO11_213,Flavone,Isolation (Extraction),Leaf isolate.,282.3,3.49,2.0,4.0,70.67,1.0,21.0,3.0,0.118,0.716,0.0,True,True,True,-1.095586172441154,-0.18287247091010256
Strobochrysin,Dracaena steudneri,Dragon tree,Asparagaceae,"Leaves, fruits",Kenya,11536318,CC1=C(C2=C(C=C1O)OC(=CC2=O)C3=CC=CC=C3)O,C16H12O4,Antidiabetic,Metabolic targets,10.3390/molecules28207202,2023,AFRO11_214,Flavanone,Isolation (Extraction),Leaf isolate.,268.27,3.18,2.0,4.0,70.67,1.0,20.0,3.0,0.062,0.711,0.0,True,True,True,-1.0938728078710767,-0.28002279692327997
"3,5,7-Trihydroxy-6-methylflavanone",Dracaena steudneri,Dragon tree,Asparagaceae,"Leaves, fruits",Kenya,129686572,CC1=C(C2=C(C=C1O)OC(C(C2=O)O)C3=CC=CC=C3)O,C16H14O5,Antidiabetic,Metabolic targets,10.3390/molecules28207202,2023,AFRO11_215,Flavanone,Isolation (Extraction),Leaf isolate.,286.28,2.08,3.0,5.0,86.99,1.0,21.0,2.0,0.188,0.747,0.0,True,True,True,-0.5713716230371918,-0.529783865055719
"3,5,7-Trihydroxy-6-methoxyflavanone",Dracaena steudneri,Dragon tree,Asparagaceae,"Leaves, fruits",Kenya,12305752,COC1=C(C2=C(C=C1O)OC(C(C2=O)O)C3=CC=CC=C3)O,C16H14O6,Antidiabetic,Metabolic targets,10.3390/molecules28207202,2023,AFRO11_216,Flavanone,Isolation (Extraction),Leaf isolate.,302.28,1.78,3.0,6.0,96.22,2.0,22.0,2.0,0.188,0.782,0.0,True,True,True,-0.31168946900482475,-0.4084567193919774
"3,7-Dihydroxy-6-methoxyflavanone",Dracaena steudneri,Dragon tree,Asparagaceae,"Leaves, fruits",Kenya,129650648,COC1=C(C=C2C(=C1)C(=O)C(C(O2)C3=CC=CC=C3)O)O,C16H14O5,Antidiabetic,Metabolic targets,10.3390/molecules28207202,2023,AFRO11_217,Flavanone,Isolation (Extraction),Leaf isolate.,286.28,2.08,2.0,5.0,75.99,2.0,21.0,2.0,0.188,0.884,0.0,True,True,True,-0.7571505630569774,-0.33293457356143125
"3,5,7-Trihydroxy-6-methyl-3',4'-methylenedioxyflavone",Dracaena steudneri,Dragon tree,Asparagaceae,"Leaves, fruits",Kenya,None,,,Antidiabetic,Metabolic targets,10.3390/molecules28207202,2023,AFRO11_218,Flavone,Isolation (Extraction),Leaf isolate.,,,,,,,,,,,,,,,,
"5,7-Dihydroxy-3-methoxy-6-methyl-3',4'-methylenedioxyflavone",Dracaena steudneri,Dragon tree,Asparagaceae,"Leaves, fruits",Kenya,None,,,Antidiabetic,Metabolic targets,10.3390/molecules28207202,2023,AFRO11_219,Flavone,Isolation (Extraction),Leaf isolate.,,,,,,,,,,,,,,,,
"3,5,7-Trihydroxy-6-methoxy-3',4'-methylenedioxyflavone",Dracaena steudneri,Dragon tree,Asparagaceae,"Leaves, fruits",Kenya,None,,,Antidiabetic,Metabolic targets,10.3390/molecules28207202,2023,AFRO11_220,Flavone,Isolation (Extraction),Leaf isolate.,,,,,,,,,,,,,,,,
"(2S,3S)-3,7-Dihydroxy-6-methoxy-3',4'-methylenedioxyflavanone",Dracaena steudneri,Dragon tree,Asparagaceae,"Leaves, fruits",Kenya,None,,,Antidiabetic,Metabolic targets,10.3390/molecules28207202,2023,AFRO11_221,Flavanone,Isolation (Extraction),Leaf isolate.,,,,,,,,,,,,,,,,
"4',5,7-Trihydroxy-3,3',8-trimethoxy-6-methylflavone",Dracaena steudneri,Dragon tree,Asparagaceae,"Leaves, fruits",Kenya,None,,,Antidiabetic,Metabolic targets,10.3390/molecules28207202,2023,AFRO11_222,Flavone,Isolation (Extraction),Leaf isolate.,,,,,,,,,,,,,,,,
"(2R)-7-Hydroxy-2,8-dimethoxyflavanone",Dracaena steudneri,Dragon tree,Asparagaceae,"Leaves, fruits",Kenya,None,,,Antidiabetic,Metabolic targets,10.3390/molecules28207202,2023,AFRO11_223,Flavanone,Isolation (Extraction),Leaf isolate.,,,,,,,,,,,,,,,,
